<?xml version="1.0" encoding="UTF-8" standalone="no"?><dictionary><PolyGlotVer>0.9.2</PolyGlotVer><fontCon>sansserif</fontCon><fontStyle>0</fontStyle><fontSize>12</fontSize><langName/><alphaOrder/><proAutoPop>F</proAutoPop><langPropTypeMandatory>F</langPropTypeMandatory><langPropLocalMandatory>F</langPropLocalMandatory><langPropLocalUniqueness>F</langPropLocalUniqueness><langPropWordUniqueness>F</langPropWordUniqueness><langPropIgnoreCase>F</langPropIgnoreCase><langPropDisableProcRegex>F</langPropDisableProcRegex><class><classId>2</classId><className>a</className><classNotes/><definitionMandatoryClass>F</definitionMandatoryClass><genderMandatoryClass>F</genderMandatoryClass><pluralityMandatoryClass>F</pluralityMandatoryClass><pronunciationMandatoryClass>F</pronunciationMandatoryClass></class><declensionNode><declensionId>1</declensionId><declensionText>a</declensionText><declensionNotes/><declensionTemplate>1</declensionTemplate><declensionRelatedId>2</declensionRelatedId><declensionMandatory>F</declensionMandatory><dimensionNode><dimensionId>2</dimensionId><dimensionName>1</dimensionName><dimensionMand>F</dimensionMand></dimensionNode><dimensionNode><dimensionId>3</dimensionId><dimensionName>2</dimensionName><dimensionMand>F</dimensionMand></dimensionNode></declensionNode><declensionNode><declensionId>2</declensionId><declensionText>b</declensionText><declensionNotes/><declensionTemplate>1</declensionTemplate><declensionRelatedId>2</declensionRelatedId><declensionMandatory>F</declensionMandatory><dimensionNode><dimensionId>2</dimensionId><dimensionName>3</dimensionName><dimensionMand>F</dimensionMand></dimensionNode><dimensionNode><dimensionId>3</dimensionId><dimensionName>4</dimensionName><dimensionMand>F</dimensionMand></dimensionNode></declensionNode><decCombinedFormSection><decCombinedForm><decCombinedId>,3,2,</decCombinedId><decCombinedSurpress>T</decCombinedSurpress></decCombinedForm><decCombinedForm><decCombinedId>,3,3,</decCombinedId><decCombinedSurpress>F</decCombinedSurpress></decCombinedForm></decCombinedFormSection><thesNode><thesName/><thesNotes/></thesNode></dictionary>