<?xml version="1.0" encoding="UTF-8" standalone="no"?><dictionary><PolyGlotVer>0.7.6.1</PolyGlotVer><fontCon>Kukun_Linear_A</fontCon><fontStyle>0</fontStyle><fontSize>18</fontSize><langName>Lodenkur</langName><alphaOrder>xc1qa2ws3ed4rf5tg6yh7uj8ik9ol0p;zvb</alphaOrder><proAutoPop>T</proAutoPop><langPropTypeMandatory>F</langPropTypeMandatory><langPropLocalMandatory>F</langPropLocalMandatory><langPropLocalUniqueness>F</langPropLocalUniqueness><langPropWordUniqueness>F</langPropWordUniqueness><class><classId>8</classId><className>conjunction</className><classNotes/><definitionMandatoryClass>F</definitionMandatoryClass><genderMandatoryClass>F</genderMandatoryClass><pluralityMandatoryClass>F</pluralityMandatoryClass><pronunciationMandatoryClass>F</pronunciationMandatoryClass></class><class><classId>3</classId><className>adjectival</className><classNotes>This type plays both the part of an adjective and an adverb. In Lodenkur, there is no distinction.</classNotes><definitionMandatoryClass>F</definitionMandatoryClass><genderMandatoryClass>F</genderMandatoryClass><pluralityMandatoryClass>F</pluralityMandatoryClass><pronunciationMandatoryClass>F</pronunciationMandatoryClass></class><class><classId>10</classId><className>suffix</className><classNotes/><definitionMandatoryClass>F</definitionMandatoryClass><genderMandatoryClass>F</genderMandatoryClass><pluralityMandatoryClass>F</pluralityMandatoryClass><pronunciationMandatoryClass>F</pronunciationMandatoryClass></class><class><classId>9</classId><className>exclamation</className><classNotes/><definitionMandatoryClass>F</definitionMandatoryClass><genderMandatoryClass>F</genderMandatoryClass><pluralityMandatoryClass>F</pluralityMandatoryClass><pronunciationMandatoryClass>F</pronunciationMandatoryClass></class><class><classId>5</classId><className>noun</className><classNotes>none</classNotes><definitionMandatoryClass>F</definitionMandatoryClass><genderMandatoryClass>F</genderMandatoryClass><pluralityMandatoryClass>F</pluralityMandatoryClass><pronunciationMandatoryClass>F</pronunciationMandatoryClass></class><class><classId>7</classId><className>prefix</className><classNotes>Not a standalone word, but a modifier to be fixed to the front of words.</classNotes><definitionMandatoryClass>F</definitionMandatoryClass><genderMandatoryClass>F</genderMandatoryClass><pluralityMandatoryClass>F</pluralityMandatoryClass><pronunciationMandatoryClass>F</pronunciationMandatoryClass></class><class><classId>6</classId><className>preposition</className><classNotes>Technically all prepositions are adjectivals, but they are never separated from their trailing "si", and otherwise treated as locative elements.</classNotes><definitionMandatoryClass>F</definitionMandatoryClass><genderMandatoryClass>F</genderMandatoryClass><pluralityMandatoryClass>F</pluralityMandatoryClass><pronunciationMandatoryClass>F</pronunciationMandatoryClass></class><class><classId>2</classId><className>pronoun</className><classNotes>none</classNotes><definitionMandatoryClass>F</definitionMandatoryClass><genderMandatoryClass>F</genderMandatoryClass><pluralityMandatoryClass>F</pluralityMandatoryClass><pronunciationMandatoryClass>F</pronunciationMandatoryClass></class><class><classId>4</classId><className>verb</className><classNotes>none</classNotes><definitionMandatoryClass>F</definitionMandatoryClass><genderMandatoryClass>F</genderMandatoryClass><pluralityMandatoryClass>F</pluralityMandatoryClass><pronunciationMandatoryClass>F</pronunciationMandatoryClass></class><word><wordId>146</wordId><localWord>week</localWord><conWord>1x</conWord><wordType>noun</wordType><pronunciation>hɑː θ </pronunciation><wordGender/><wordPlural/><definition>On Darisa, a standard week is 5 days.</definition><wordProcOverride>F</wordProcOverride></word><word><wordId>27</wordId><localWord>always</localWord><conWord>1wx0</conWord><wordType>adjectival</wordType><pronunciation>hɑː ↗wɑː θ siː </pronunciation><wordGender/><wordPlural/><definition>At all times. At every occurance.</definition><wordProcOverride>F</wordProcOverride></word><word><wordId>150</wordId><localWord>clothing</localWord><conWord>1e</conWord><wordType>noun</wordType><pronunciation>hɑː ↗noʊ </pronunciation><wordGender/><wordPlural/><definition>Clothing.</definition><wordProcOverride>F</wordProcOverride></word><word><wordId>149</wordId><localWord>book</localWord><conWord>14</conWord><wordType>noun</wordType><pronunciation>hɑː ʀə </pronunciation><wordGender/><wordPlural/><definition>Book.</definition><wordProcOverride>F</wordProcOverride></word><word><wordId>139</wordId><localWord>receive, get</localWord><conWord>145</conWord><wordType>verb</wordType><pronunciation>hɑː ʀə loʊ </pronunciation><wordGender/><wordPlural/><definition>To receive or get.</definition><wordProcOverride>F</wordProcOverride></word><word><wordId>115</wordId><localWord>wet</localWord><conWord>1f0</conWord><wordType>adjectival</wordType><pronunciation>hɑː ↘ʀə siː </pronunciation><wordGender/><wordPlural/><definition>Wet. Not dry.</definition><wordProcOverride>F</wordProcOverride></word><word><wordId>86</wordId><localWord>say</localWord><conWord>15</conWord><wordType>verb</wordType><pronunciation>hɑː loʊ </pronunciation><wordGender/><wordPlural/><definition>To say. This is the word used to quote someone.</definition><wordProcOverride>F</wordProcOverride></word><word><wordId>13</wordId><localWord>them</localWord><conWord>169</conWord><wordType>pronoun</wordType><pronunciation>hɑː kuː jæ </pronunciation><wordGender/><wordPlural/><definition>Gender neutral, singular word to refer to someone other than yourself, or the person you are speaking to. Implies that the subject of the word is of equal importance and/or age to the speaker.</definition><wordProcOverride>F</wordProcOverride></word><word><wordId>14</wordId><localWord>them</localWord><conWord>16o</conWord><wordType>pronoun</wordType><pronunciation>hɑː kuː ↗jæ </pronunciation><wordGender/><wordPlural/><definition>Gender neutral, singular word to refer to someone other than yourself, or the person you are speaking to. Implies that the subject of the word is of greater importance and/or age than the speaker.</definition><wordProcOverride>F</wordProcOverride></word><word><wordId>15</wordId><localWord>them</localWord><conWord>16l</conWord><wordType>pronoun</wordType><pronunciation>hɑː kuː ↘jæ </pronunciation><wordGender/><wordPlural/><definition>Gender neutral, singular word to refer to someone other than yourself, or the person you are speaking to. Implies that the subject of the word is of lesser importance and/or age to the speaker.</definition><wordProcOverride>F</wordProcOverride></word><word><wordId>12</wordId><localWord>you</localWord><conWord>1y</conWord><wordType>pronoun</wordType><pronunciation>hɑː ↗kuː </pronunciation><wordGender/><wordPlural/><definition>Used when referencing the person to whom you are currently speaking. Inherently singular.</definition><wordProcOverride>F</wordProcOverride></word><word><wordId>108</wordId><localWord>day</localWord><conWord>1yx</conWord><wordType>noun</wordType><pronunciation>hɑː ↗kuː θ </pronunciation><wordGender/><wordPlural/><definition>Day, specifically describing the time of day, rather than a whole revolution of the planet.</definition><wordProcOverride>F</wordProcOverride></word><word><wordId>155</wordId><localWord>lunch</localWord><conWord>1yx1;</conWord><wordType>noun</wordType><pronunciation>hɑː ↗kuː θ hɑː ↘siː </pronunciation><wordGender/><wordPlural/><definition>Lunch.Lit: day meal</definition><wordProcOverride>F</wordProcOverride></word><word><wordId>11</wordId><localWord>me</localWord><conWord>1h</conWord><wordType>pronoun</wordType><pronunciation>hɑː ↘kuː </pronunciation><wordGender/><wordPlural/><definition>I, me, or myself. </definition><wordProcOverride>F</wordProcOverride></word><word><wordId>107</wordId><localWord>night</localWord><conWord>1hx</conWord><wordType>noun</wordType><pronunciation>hɑː ↘kuː θ </pronunciation><wordGender/><wordPlural/><definition>Night.</definition><wordProcOverride>F</wordProcOverride></word><word><wordId>152</wordId><localWord>dinner</localWord><conWord>1hx1;</conWord><wordType>noun</wordType><pronunciation>hɑː ↘kuː θ hɑː ↘siː </pronunciation><wordGender/><wordPlural/><definition>Dinner.Lit: night meal</definition><wordProcOverride>F</wordProcOverride></word><word><wordId>77</wordId><localWord>swim</localWord><conWord>1h5</conWord><wordType>verb</wordType><pronunciation>hɑː ↘kuː loʊ </pronunciation><wordGender/><wordPlural/><definition>To swim.</definition><wordProcOverride>F</wordProcOverride></word><word><wordId>116</wordId><localWord>name</localWord><conWord>178</conWord><wordType>noun</wordType><pronunciation>hɑː miː dɛ </pronunciation><wordGender/><wordPlural/><definition>Name.</definition><wordProcOverride>F</wordProcOverride></word><word><wordId>92</wordId><localWord>water</localWord><conWord>1u</conWord><wordType>noun</wordType><pronunciation>hɑː ↗miː </pronunciation><wordGender/><wordPlural/><definition>Water.</definition><wordProcOverride>F</wordProcOverride></word><word><wordId>113</wordId><localWord>round</localWord><conWord>1i0</conWord><wordType>adjectival</wordType><pronunciation>hɑː ↗dɛ siː </pronunciation><wordGender/><wordPlural/><definition>Round.</definition><wordProcOverride>F</wordProcOverride></word><word><wordId>4</wordId><localWord>approximate</localWord><conWord>1o0</conWord><wordType>adjectival</wordType><pronunciation>hɑː ↗jæ siː </pronunciation><wordGender/><wordPlural/><definition>Approximate, roughly, or about.</definition><wordProcOverride>F</wordProcOverride></word><word><wordId>134</wordId><localWord>state</localWord><conWord>1p4</conWord><wordType>noun</wordType><pronunciation>hɑː ↗siː ʀə </pronunciation><wordGender/><wordPlural/><definition>A state in the sense of government.</definition><wordProcOverride>F</wordProcOverride></word><word><wordId>74</wordId><localWord>sleep</localWord><conWord>1p5</conWord><wordType>verb</wordType><pronunciation>hɑː ↗siː loʊ </pronunciation><wordGender/><wordPlural/><definition>To sleep.</definition><wordProcOverride>F</wordProcOverride></word><word><wordId>122</wordId><localWord>desctibe</localWord><conWord>1p5</conWord><wordType>verb</wordType><pronunciation>hɑː ↗siː loʊ </pronunciation><wordGender/><wordPlural/><definition>To describe.</definition><wordProcOverride>F</wordProcOverride></word><word><wordId>153</wordId><localWord>meal</localWord><conWord>1;</conWord><wordType>noun</wordType><pronunciation>hɑː ↘siː </pronunciation><wordGender/><wordPlural/><definition>Meal.</definition><wordProcOverride>F</wordProcOverride></word><word><wordId>44</wordId><localWord>flesh</localWord><conWord>1vx</conWord><wordType>noun</wordType><pronunciation>hɑː f θ </pronunciation><wordGender/><wordPlural/><definition>1) The flesh of an animal.2 The edible portion of a fruit.</definition><wordProcOverride>F</wordProcOverride></word><word><wordId>151</wordId><localWord>cook</localWord><conWord>1vp5</conWord><wordType>verb</wordType><pronunciation>hɑː f ↗siː loʊ </pronunciation><wordGender/><wordPlural/><definition>To cook.</definition><wordProcOverride>F</wordProcOverride></word><word><wordId>82</wordId><localWord>big, great</localWord><conWord>1b</conWord><wordType>prefix</wordType><pronunciation>hɑː ŋ </pronunciation><wordGender/><wordPlural/><definition>This can be afixed to the beginning of words to make them conceptually larger. Care must be taken, as some words have their meaning fundamentally changed by the prefix. For example, a "big sit" is lying down.</definition><wordProcOverride>F</wordProcOverride></word><word><wordId>145</wordId><localWord>great week (year)</localWord><conWord>1b1x</conWord><wordType>noun</wordType><pronunciation>hɑː ŋ hɑː θ </pronunciation><wordGender/><wordPlural/><definition>The closest thing to "year" in Lodenkur, the "great week" is 25 weeks.</definition><wordProcOverride>F</wordProcOverride></word><word><wordId>128</wordId><localWord>outer space</localWord><conWord>1b26</conWord><wordType>noun</wordType><pronunciation>hɑː ŋ wɑː kuː </pronunciation><wordGender/><wordPlural/><definition>Outer space.Lit: great sky</definition><wordProcOverride>F</wordProcOverride></word><word><wordId>106</wordId><localWord>mountain</localWord><conWord>1b3wxz</conWord><wordType>noun</wordType><pronunciation>hɑː ŋ noʊ ↗wɑː θ t </pronunciation><wordGender/><wordPlural/><definition>Mountain.Lit: great rock</definition><wordProcOverride>F</wordProcOverride></word><word><wordId>81</wordId><localWord>lie (down)</localWord><conWord>1b4ya5</conWord><wordType>verb</wordType><pronunciation>hɑː ŋ ʀə ↗kuː ↘hɑː loʊ </pronunciation><wordGender/><wordPlural/><definition>To lie down, or to be lying down.Lit: "big sit"</definition><wordProcOverride>F</wordProcOverride></word><word><wordId>9</wordId><localWord>again</localWord><conWord>1b0</conWord><wordType>adjectival</wordType><pronunciation>hɑː ŋ siː </pronunciation><wordGender/><wordPlural/><definition>Once again, or repetitious.</definition><wordProcOverride>F</wordProcOverride></word><word><wordId>31</wordId><localWord>long</localWord><conWord>2x0</conWord><wordType>adjectival</wordType><pronunciation>wɑː θ siː </pronunciation><wordGender/><wordPlural/><definition>A large single dimension. Can be applied to time, or other concepts.</definition><wordProcOverride>F</wordProcOverride></word><word><wordId>17</wordId><localWord>we</localWord><conWord>21h0</conWord><wordType>noun</wordType><pronunciation>wɑː hɑː ↘kuː siː </pronunciation><wordGender/><wordPlural/><definition>"We," or "us."This is technically the plural form of "I."</definition><wordProcOverride>F</wordProcOverride></word><word><wordId>96</wordId><localWord>sand</localWord><conWord>21k</conWord><wordType>noun</wordType><pronunciation>wɑː hɑː ↘dɛ </pronunciation><wordGender/><wordPlural/><definition>Sand</definition><wordProcOverride>F</wordProcOverride></word><word><wordId>138</wordId><localWord>party, celebration</localWord><conWord>2q</conWord><wordType>noun</wordType><pronunciation>wɑː ↗hɑː </pronunciation><wordGender/><wordPlural/><definition>A party, or celebration.</definition><wordProcOverride>F</wordProcOverride></word><word><wordId>119</wordId><localWord>and</localWord><conWord>2a</conWord><wordType>conjunction</wordType><pronunciation>wɑː ↘hɑː </pronunciation><wordGender/><wordPlural/><definition>This word is used exclusively as an ennumerative conjuction, rather than one which binds phrases together (for which there is another word).</definition><wordProcOverride>F</wordProcOverride></word><word><wordId>26</wordId><localWord>alternative</localWord><conWord>2ab</conWord><wordType>noun</wordType><pronunciation>wɑː ↘hɑː ŋ </pronunciation><wordGender/><wordPlural/><definition>One of two or more possibilities. </definition><wordProcOverride>F</wordProcOverride></word><word><wordId>126</wordId><localWord>soup</localWord><conWord>2w</conWord><wordType>noun</wordType><pronunciation>wɑː ↗wɑː </pronunciation><wordGender/><wordPlural/><definition>Soup.</definition><wordProcOverride>F</wordProcOverride></word><word><wordId>7</wordId><localWord>add</localWord><conWord>2w5</conWord><wordType>verb</wordType><pronunciation>wɑː ↗wɑː loʊ </pronunciation><wordGender/><wordPlural/><definition>To put together to increase overall size.</definition><wordProcOverride>F</wordProcOverride></word><word><wordId>2</wordId><localWord>afraid</localWord><conWord>2e40</conWord><wordType>adjectival</wordType><pronunciation>wɑː ↗noʊ ʀə siː </pronunciation><wordGender/><wordPlural/><definition>frightened, afraidLiterally, all-dark.</definition><wordProcOverride>F</wordProcOverride></word><word><wordId>109</wordId><localWord>full</localWord><conWord>2e0</conWord><wordType>adjectival</wordType><pronunciation>wɑː ↗noʊ siː </pronunciation><wordGender/><wordPlural/><definition>Filled up; full.</definition><wordProcOverride>F</wordProcOverride></word><word><wordId>97</wordId><localWord>cloud</localWord><conWord>2r</conWord><wordType>noun</wordType><pronunciation>wɑː ↗ʀə </pronunciation><wordGender/><wordPlural/><definition>Cloud.</definition><wordProcOverride>F</wordProcOverride></word><word><wordId>99</wordId><localWord>smoke</localWord><conWord>2f</conWord><wordType>noun</wordType><pronunciation>wɑː ↘ʀə </pronunciation><wordGender/><wordPlural/><definition>Smoke.</definition><wordProcOverride>F</wordProcOverride></word><word><wordId>127</wordId><localWord>sky</localWord><conWord>26</conWord><wordType>noun</wordType><pronunciation>wɑː kuː </pronunciation><wordGender/><wordPlural/><definition>The sky.</definition><wordProcOverride>F</wordProcOverride></word><word><wordId>91</wordId><localWord>moon, satalite</localWord><conWord>262;</conWord><wordType>noun</wordType><pronunciation>wɑː kuː wɑː ↘siː </pronunciation><wordGender/><wordPlural/><definition>Anything visibly orbiting a planet. Includes both moons of Darisa, Dod and Kur'dod, artificial satalites that twinkle, and the natural satalites of other planets in their solar system.</definition><wordProcOverride>F</wordProcOverride></word><word><wordId>93</wordId><localWord>rain</localWord><conWord>26dt</conWord><wordType>noun</wordType><pronunciation>wɑː kuː ↘noʊ ↗loʊ </pronunciation><wordGender/><wordPlural/><definition>Rain.</definition><wordProcOverride>F</wordProcOverride></word><word><wordId>143</wordId><localWord>town</localWord><conWord>2y</conWord><wordType>noun</wordType><pronunciation>wɑː ↗kuː </pronunciation><wordGender/><wordPlural/><definition>Town.</definition><wordProcOverride>F</wordProcOverride></word><word><wordId>112</wordId><localWord>bad</localWord><conWord>270</conWord><wordType>adjectival</wordType><pronunciation>wɑː miː siː </pronunciation><wordGender/><wordPlural/><definition>Bad.</definition><wordProcOverride>F</wordProcOverride></word><word><wordId>45</wordId><localWord>blood, sap, ichor</localWord><conWord>2u</conWord><wordType>noun</wordType><pronunciation>wɑː ↗miː </pronunciation><wordGender/><wordPlural/><definition>1) Animal blood.2) A plant's sap or ichor.</definition><wordProcOverride>F</wordProcOverride></word><word><wordId>67</wordId><localWord>drink</localWord><conWord>285</conWord><wordType>verb</wordType><pronunciation>wɑː dɛ loʊ </pronunciation><wordGender/><wordPlural/><definition>To consume a liquid.</definition><wordProcOverride>F</wordProcOverride></word><word><wordId>76</wordId><localWord>kill</localWord><conWord>2k5</conWord><wordType>verb</wordType><pronunciation>wɑː ↘dɛ loʊ </pronunciation><wordGender/><wordPlural/><definition>To kill.</definition><wordProcOverride>F</wordProcOverride></word><word><wordId>158</wordId><localWord>holy, divine</localWord><conWord>2o0</conWord><wordType>adjectival</wordType><pronunciation>wɑː ↗jæ siː </pronunciation><wordGender/><wordPlural/><definition>Holy or divine.</definition><wordProcOverride>F</wordProcOverride></word><word><wordId>121</wordId><localWord>chest</localWord><conWord>2l</conWord><wordType>noun</wordType><pronunciation>wɑː ↘jæ </pronunciation><wordGender/><wordPlural/><definition>A storage chest.</definition><wordProcOverride>F</wordProcOverride></word><word><wordId>16</wordId><localWord>all</localWord><conWord>20</conWord><wordType>adjectival</wordType><pronunciation>wɑː siː </pronunciation><wordGender/><wordPlural/><definition>All. This may be used to imply plurality ("I" becomes "we" when modified by this), or in the sense of completeness, such as "All dressed in white."</definition><wordProcOverride>F</wordProcOverride></word><word><wordId>137</wordId><localWord>neighbor</localWord><conWord>2;z</conWord><wordType>noun</wordType><pronunciation>wɑː ↘siː t </pronunciation><wordGender/><wordPlural/><definition>A neighbor. Can apply to anyone living very close to the speaker.</definition><wordProcOverride>F</wordProcOverride></word><word><wordId>95</wordId><localWord>soil</localWord><conWord>2z</conWord><wordType>noun</wordType><pronunciation>wɑː t </pronunciation><wordGender/><wordPlural/><definition/><wordProcOverride>F</wordProcOverride></word><word><wordId>144</wordId><localWord>ward</localWord><conWord>2zu</conWord><wordType>noun</wordType><pronunciation>wɑː t ↗miː </pronunciation><wordGender/><wordPlural/><definition>A ward. Specifically, the relationship that one takes after being sired by another into a new life.</definition><wordProcOverride>F</wordProcOverride></word><word><wordId>124</wordId><localWord>gound, floor</localWord><conWord>3</conWord><wordType>noun</wordType><pronunciation>noʊ </pronunciation><wordGender/><wordPlural/><definition>The ground, or floor. The surface on which you are standing.</definition><wordProcOverride>F</wordProcOverride></word><word><wordId>161</wordId><localWord>of</localWord><conWord>3</conWord><wordType>preposition</wordType><pronunciation>noʊ </pronunciation><wordGender/><wordPlural/><definition>Establishes a relationship between two things, the first in some way encompasing the second, whether through a grouped inclusion, direct ownership, or some more abstract sense of belonging.</definition><wordProcOverride>F</wordProcOverride></word><word><wordId>41</wordId><localWord>plant</localWord><conWord>3c</conWord><wordType>noun</wordType><pronunciation>noʊ ʃ </pronunciation><wordGender/><wordPlural/><definition>plantAny life falling within a related set of organisms on Ki'</definition><wordProcOverride>F</wordProcOverride></word><word><wordId>52</wordId><localWord>head</localWord><conWord>3qh</conWord><wordType>noun</wordType><pronunciation>noʊ ↗hɑː ↘kuː </pronunciation><wordGender/><wordPlural/><definition>An animal's head. May also be used to refer to "head" in a more abstract way, such as leaders, or the frontmost element of a list/line.</definition><wordProcOverride>F</wordProcOverride></word><word><wordId>94</wordId><localWord>stone, rock</localWord><conWord>3wxz</conWord><wordType>noun</wordType><pronunciation>noʊ ↗wɑː θ t </pronunciation><wordGender/><wordPlural/><definition>Stone. May refer to either the material, or a singular chunk of it.</definition><wordProcOverride>F</wordProcOverride></word><word><wordId>131</wordId><localWord>weight</localWord><conWord>3wa</conWord><wordType>noun</wordType><pronunciation>noʊ ↗wɑː ↘hɑː </pronunciation><wordGender/><wordPlural/><definition>1) The attribute associated with an object being affected by gravity.2) An object being used due to its heaviness.</definition><wordProcOverride>F</wordProcOverride></word><word><wordId>125</wordId><localWord>noise, sound</localWord><conWord>3s</conWord><wordType>noun</wordType><pronunciation>noʊ ↘wɑː </pronunciation><wordGender/><wordPlural/><definition>Nouse or sound.</definition><wordProcOverride>F</wordProcOverride></word><word><wordId>18</wordId><localWord>dark</localWord><conWord>340</conWord><wordType>adjectival</wordType><pronunciation>noʊ ʀə siː </pronunciation><wordGender/><wordPlural/><definition>Without light. May refer both to the shade of a color, or the level of light in an area.</definition><wordProcOverride>F</wordProcOverride></word><word><wordId>85</wordId><localWord>give</localWord><conWord>35</conWord><wordType>verb</wordType><pronunciation>noʊ loʊ </pronunciation><wordGender/><wordPlural/><definition>To give.</definition><wordProcOverride>F</wordProcOverride></word><word><wordId>57</wordId><localWord>mouth</localWord><conWord>3gq</conWord><wordType>noun</wordType><pronunciation>noʊ ↘loʊ ↗hɑː </pronunciation><wordGender/><wordPlural/><definition>Mouth. Used primarily to describe the mouths of animals, but can refer to any opening which things primarily pass into.</definition><wordProcOverride>F</wordProcOverride></word><word><wordId>136</wordId><localWord>lonely</localWord><conWord>3u0</conWord><wordType>adjectival</wordType><pronunciation>noʊ ↗miː siː </pronunciation><wordGender/><wordPlural/><definition>Lonely.</definition><wordProcOverride>F</wordProcOverride></word><word><wordId>42</wordId><localWord>root</localWord><conWord>3i</conWord><wordType>noun</wordType><pronunciation>noʊ ↗dɛ </pronunciation><wordGender/><wordPlural/><definition>RootRefers specifically to plant roots, but is very commonly used metaphorically, as in "A word's root."</definition><wordProcOverride>F</wordProcOverride></word><word><wordId>110</wordId><localWord>new, young</localWord><conWord>30</conWord><wordType>adjectival</wordType><pronunciation>noʊ siː </pronunciation><wordGender/><wordPlural/><definition>1) New. In this context, the word has a positive connotation, implying that the subject has not yet been worn out.2) Young. In this context, the word has a negative connotation, implying that the subject is inexperienced and unready for something. If applied to a person, it refers to the entire extent of their lives, rather than to the age of their current body.</definition><wordProcOverride>F</wordProcOverride></word><word><wordId>40</wordId><localWord>leaf</localWord><conWord>3vc1</conWord><wordType>noun</wordType><pronunciation>noʊ f ʃ hɑː </pronunciation><wordGender/><wordPlural/><definition>leaf, blade of grass, etc.Literally, "plant shard."</definition><wordProcOverride>F</wordProcOverride></word><word><wordId>89</wordId><localWord>voice</localWord><conWord>3b</conWord><wordType>noun</wordType><pronunciation>noʊ ŋ </pronunciation><wordGender/><wordPlural/><definition>This describes a voice, as perceived by a kukun. This differs from a voice as imagined by a human, as kukun'lu communicate via low frequency radio, rather than audio signals.</definition><wordProcOverride>F</wordProcOverride></word><word><wordId>39</wordId><localWord>seed</localWord><conWord>4w5</conWord><wordType>noun</wordType><pronunciation>ʀə ↗wɑː loʊ </pronunciation><wordGender/><wordPlural/><definition>Seed. This, much like in English, refers both to plant seeds and to the germ cells of animal reproduction.</definition><wordProcOverride>F</wordProcOverride></word><word><wordId>38</wordId><localWord>tree</localWord><conWord>4d5</conWord><wordType>noun</wordType><pronunciation>ʀə ↘noʊ loʊ </pronunciation><wordGender/><wordPlural/><definition>Any larger plant with bark and a central trunk</definition><wordProcOverride>F</wordProcOverride></word><word><wordId>43</wordId><localWord>skin</localWord><conWord>4gs</conWord><wordType>noun</wordType><pronunciation>ʀə ↘loʊ ↘wɑː </pronunciation><wordGender/><wordPlural/><definition>Skin, the outer layer covering something.</definition><wordProcOverride>F</wordProcOverride></word><word><wordId>69</wordId><localWord>bite</localWord><conWord>4g5</conWord><wordType>verb</wordType><pronunciation>ʀə ↘loʊ loʊ </pronunciation><wordGender/><wordPlural/><definition>To bite.</definition><wordProcOverride>F</wordProcOverride></word><word><wordId>100</wordId><localWord>fire, flame</localWord><conWord>4y</conWord><wordType>noun</wordType><pronunciation>ʀə ↗kuː </pronunciation><wordGender/><wordPlural/><definition>Fire, or flame.</definition><wordProcOverride>F</wordProcOverride></word><word><wordId>80</wordId><localWord>sit</localWord><conWord>4ya5</conWord><wordType>verb</wordType><pronunciation>ʀə ↗kuː ↘hɑː loʊ </pronunciation><wordGender/><wordPlural/><definition>To sit.</definition><wordProcOverride>F</wordProcOverride></word><word><wordId>148</wordId><localWord>top</localWord><conWord>4y2</conWord><wordType>noun</wordType><pronunciation>ʀə ↗kuː wɑː </pronunciation><wordGender/><wordPlural/><definition>Something's upper portion.</definition><wordProcOverride>F</wordProcOverride></word><word><wordId>101</wordId><localWord>ash</localWord><conWord>4yz1cz</conWord><wordType>noun</wordType><pronunciation>ʀə ↗kuː t hɑː ʃ t </pronunciation><wordGender/><wordPlural/><definition>Ash. Lit: fire dung</definition><wordProcOverride>F</wordProcOverride></word><word><wordId>147</wordId><localWord>bottom</localWord><conWord>4h2</conWord><wordType>noun</wordType><pronunciation>ʀə ↘kuː wɑː </pronunciation><wordGender/><wordPlural/><definition>Something's lower portion.</definition><wordProcOverride>F</wordProcOverride></word><word><wordId>104</wordId><localWord>path</localWord><conWord>4hp</conWord><wordType>noun</wordType><pronunciation>ʀə ↘kuː ↗siː </pronunciation><wordGender/><wordPlural/><definition>Path.</definition><wordProcOverride>F</wordProcOverride></word><word><wordId>46</wordId><localWord>bone</localWord><conWord>47o</conWord><wordType>noun</wordType><pronunciation>ʀə miː ↗jæ </pronunciation><wordGender/><wordPlural/><definition>Bone of an animal, or the material of an arthropod's shell (although not the shell itself)</definition><wordProcOverride>F</wordProcOverride></word><word><wordId>159</wordId><localWord>love</localWord><conWord>4u5</conWord><wordType>verb</wordType><pronunciation>ʀə ↗miː loʊ </pronunciation><wordGender/><wordPlural/><definition>To love.</definition><wordProcOverride>F</wordProcOverride></word><word><wordId>32</wordId><localWord>small</localWord><conWord>4u0</conWord><wordType>adjectival</wordType><pronunciation>ʀə ↗miː siː </pronunciation><wordGender/><wordPlural/><definition>Small in size, either physically or conceptually.</definition><wordProcOverride>F</wordProcOverride></word><word><wordId>23</wordId><localWord>what</localWord><conWord>4j</conWord><wordType>pronoun</wordType><pronunciation>ʀə ↘miː </pronunciation><wordGender/><wordPlural/><definition>An explicitly unknow object or concept. Typically used in an interrogative sense.</definition><wordProcOverride>F</wordProcOverride></word><word><wordId>154</wordId><localWord>master</localWord><conWord>4k</conWord><wordType>noun</wordType><pronunciation>ʀə ↘dɛ </pronunciation><wordGender/><wordPlural/><definition>Master. This applies, as in english, both to an individual who has mastered a skill, or the master of a slave.</definition><wordProcOverride>F</wordProcOverride></word><word><wordId>135</wordId><localWord>in</localWord><conWord>4o</conWord><wordType>preposition</wordType><pronunciation>ʀə ↗jæ </pronunciation><wordGender/><wordPlural/><definition>In.</definition><wordProcOverride>F</wordProcOverride></word><word><wordId>60</wordId><localWord>claw</localWord><conWord>4p5</conWord><wordType>noun</wordType><pronunciation>ʀə ↗siː loʊ </pronunciation><wordGender/><wordPlural/><definition>A creature's claw.</definition><wordProcOverride>F</wordProcOverride></word><word><wordId>140</wordId><localWord>rope</localWord><conWord>4pi</conWord><wordType>noun</wordType><pronunciation>ʀə ↗siː ↗dɛ </pronunciation><wordGender/><wordPlural/><definition>A rope.</definition><wordProcOverride>F</wordProcOverride></word><word><wordId>62</wordId><localWord>knee, elbow</localWord><conWord>4zib</conWord><wordType>noun</wordType><pronunciation>ʀə t ↗dɛ ŋ </pronunciation><wordGender/><wordPlural/><definition>The knee or elbow of a creature's leg or arm. Synonymous, as Kukun frequently walk on all fours.</definition><wordProcOverride>F</wordProcOverride></word><word><wordId>129</wordId><localWord>slave</localWord><conWord>5x</conWord><wordType>noun</wordType><pronunciation>loʊ θ </pronunciation><wordGender/><wordPlural/><definition>A slave.</definition><wordProcOverride>F</wordProcOverride></word><word><wordId>156</wordId><localWord>morning</localWord><conWord>5qy</conWord><wordType>noun</wordType><pronunciation>loʊ ↗hɑː ↗kuː </pronunciation><wordGender/><wordPlural/><definition>Morning.</definition><wordProcOverride>F</wordProcOverride></word><word><wordId>157</wordId><localWord>breakfast</localWord><conWord>5qy1p</conWord><wordType>noun</wordType><pronunciation>loʊ ↗hɑː ↗kuː hɑː ↗siː </pronunciation><wordGender/><wordPlural/><definition>Breakfast.Lit: morning meal</definition><wordProcOverride>F</wordProcOverride></word><word><wordId>160</wordId><localWord>noon</localWord><conWord>5wp</conWord><wordType>noun</wordType><pronunciation>loʊ ↗wɑː ↗siː </pronunciation><wordGender/><wordPlural/><definition>Noon time.</definition><wordProcOverride>F</wordProcOverride></word><word><wordId>117</wordId><localWord>antennae</localWord><conWord>5r</conWord><wordType>noun</wordType><pronunciation>loʊ ↗ʀə </pronunciation><wordGender/><wordPlural/><definition>Antennae. This describes anything that emits radio signals. Most frequently used when refering to the dual antennae found on any kukun or most animal life.</definition><wordProcOverride>F</wordProcOverride></word><word><wordId>79</wordId><localWord>lie</localWord><conWord>5fs5</conWord><wordType>verb</wordType><pronunciation>loʊ ↘ʀə ↘wɑː loʊ </pronunciation><wordGender/><wordPlural/><definition>To knowingly speak a falsehood.</definition><wordProcOverride>F</wordProcOverride></word><word><wordId>30</wordId><localWord>big</localWord><conWord>5t0</conWord><wordType>adjectival</wordType><pronunciation>loʊ ↗loʊ siː </pronunciation><wordGender/><wordPlural/><definition>Big, largeA large size, either physically or conceptually.</definition><wordProcOverride>F</wordProcOverride></word><word><wordId>71</wordId><localWord>hear</localWord><conWord>5h5</conWord><wordType>verb</wordType><pronunciation>loʊ ↘kuː loʊ </pronunciation><wordGender/><wordPlural/><definition>To hear.</definition><wordProcOverride>F</wordProcOverride></word><word><wordId>68</wordId><localWord>eat</localWord><conWord>5u5</conWord><wordType>verb</wordType><pronunciation>loʊ ↗miː loʊ </pronunciation><wordGender/><wordPlural/><definition>To consume a solid.</definition><wordProcOverride>F</wordProcOverride></word><word><wordId>133</wordId><localWord>card</localWord><conWord>5j</conWord><wordType>noun</wordType><pronunciation>loʊ ↘miː </pronunciation><wordGender/><wordPlural/><definition>A card.</definition><wordProcOverride>F</wordProcOverride></word><word><wordId>36</wordId><localWord>bird</localWord><conWord>5jb</conWord><wordType>noun</wordType><pronunciation>loʊ ↘miː ŋ </pronunciation><wordGender/><wordPlural/><definition>Species falling within a grouping on Ki'Darisa that is reasonably similar to what we call "birds."</definition><wordProcOverride>F</wordProcOverride></word><word><wordId>35</wordId><localWord>fish</localWord><conWord>58k</conWord><wordType>noun</wordType><pronunciation>loʊ dɛ ↘dɛ </pronunciation><wordGender/><wordPlural/><definition>Species falling within a grouping on Ki'Darisa that is reasonably similar to what we call "fish."</definition><wordProcOverride>F</wordProcOverride></word><word><wordId>103</wordId><localWord>burn</localWord><conWord>5i5</conWord><wordType>verb</wordType><pronunciation>loʊ ↗dɛ loʊ </pronunciation><wordGender/><wordPlural/><definition>To burn.</definition><wordProcOverride>F</wordProcOverride></word><word><wordId>59</wordId><localWord>tongue</localWord><conWord>5k</conWord><wordType>noun</wordType><pronunciation>loʊ ↘dɛ </pronunciation><wordGender/><wordPlural/><definition>A creature's tongue.</definition><wordProcOverride>F</wordProcOverride></word><word><wordId>75</wordId><localWord>die, animal</localWord><conWord>5k5</conWord><wordType>verb</wordType><pronunciation>loʊ ↘dɛ loʊ </pronunciation><wordGender/><wordPlural/><definition>To die.</definition><wordProcOverride>F</wordProcOverride></word><word><wordId>120</wordId><localWord>animal</localWord><conWord>5k5</conWord><wordType>noun</wordType><pronunciation>loʊ ↘dɛ loʊ </pronunciation><wordGender/><wordPlural/><definition>Animal.This is technically the gerrund (stem) form of the verb "to die." </definition><wordProcOverride>F</wordProcOverride></word><word><wordId>87</wordId><localWord>sun</localWord><conWord>5o</conWord><wordType>noun</wordType><pronunciation>loʊ ↗jæ </pronunciation><wordGender/><wordPlural/><definition>The sun, a white dwarf star, whose name is "Cikil."</definition><wordProcOverride>F</wordProcOverride></word><word><wordId>114</wordId><localWord>dry</localWord><conWord>5l0</conWord><wordType>adjectival</wordType><pronunciation>loʊ ↘jæ siː </pronunciation><wordGender/><wordPlural/><definition>Dry. Not wet.</definition><wordProcOverride>F</wordProcOverride></word><word><wordId>130</wordId><localWord>through</localWord><conWord>50</conWord><wordType>preposition</wordType><pronunciation>loʊ siː </pronunciation><wordGender/><wordPlural/><definition>Through.</definition><wordProcOverride>F</wordProcOverride></word><word><wordId>63</wordId><localWord>hand</localWord><conWord>5;j</conWord><wordType>noun</wordType><pronunciation>loʊ ↘siː ↘miː </pronunciation><wordGender/><wordPlural/><definition>The foremost paw of any creature with opposable thumbs.</definition><wordProcOverride>F</wordProcOverride></word><word><wordId>70</wordId><localWord>see</localWord><conWord>5z5</conWord><wordType>verb</wordType><pronunciation>loʊ t loʊ </pronunciation><wordGender/><wordPlural/><definition>To visually see something.</definition><wordProcOverride>F</wordProcOverride></word><word><wordId>29</wordId><localWord>many</localWord><conWord>5v0</conWord><wordType>adjectival</wordType><pronunciation>loʊ f siː </pronunciation><wordGender/><wordPlural/><definition>Much, a multitude of. Applied to objects, this means that there is a great amount (wether the objects are counted singularly, like rocks, or like sand).</definition><wordProcOverride>F</wordProcOverride></word><word><wordId>72</wordId><localWord>hear (wavelength)</localWord><conWord>6x5</conWord><wordType>verb</wordType><pronunciation>kuː θ loʊ </pronunciation><wordGender/><wordPlural/><definition>The closest equivalent to this word in English is "to hear," but it does not apply to sound. The Kukun'lu speak through transmission and reception of radio frequencies, and this verb applies specifically to the related sense.</definition><wordProcOverride>F</wordProcOverride></word><word><wordId>20</wordId><localWord>that</localWord><conWord>61</conWord><wordType>pronoun</wordType><pronunciation>kuː hɑː </pronunciation><wordGender/><wordPlural/><definition>Refers to a specific object or concept close at hand, or nearby conceptually. The referenced object must be out of easy reach, but within visual sight for this word to be used.</definition><wordProcOverride>F</wordProcOverride></word><word><wordId>19</wordId><localWord>this</localWord><conWord>6q</conWord><wordType>pronoun</wordType><pronunciation>kuː ↗hɑː </pronunciation><wordGender/><wordPlural/><definition>Refers to a specific object or concept close at hand, or nearby conceptually.</definition><wordProcOverride>F</wordProcOverride></word><word><wordId>123</wordId><localWord>fight</localWord><conWord>6q5</conWord><wordType>verb</wordType><pronunciation>kuː ↗hɑː loʊ </pronunciation><wordGender/><wordPlural/><definition>To fight.</definition><wordProcOverride>F</wordProcOverride></word><word><wordId>21</wordId><localWord>that</localWord><conWord>6a</conWord><wordType>pronoun</wordType><pronunciation>kuː ↘hɑː </pronunciation><wordGender/><wordPlural/><definition>Refers to a specific object or concept far away physicallty or conceptually. The referenced object must both be out of easy reach and out of sight. Typically not within the same building or location as the speaker unless the location is especially large.</definition><wordProcOverride>F</wordProcOverride></word><word><wordId>53</wordId><localWord>ear</localWord><conWord>6wx</conWord><wordType>noun</wordType><pronunciation>kuː ↗wɑː θ </pronunciation><wordGender/><wordPlural/><definition>A creature's ear.</definition><wordProcOverride>F</wordProcOverride></word><word><wordId>54</wordId><localWord>eye</localWord><conWord>6ts</conWord><wordType>noun</wordType><pronunciation>kuː ↗loʊ ↘wɑː </pronunciation><wordGender/><wordPlural/><definition>An eye.</definition><wordProcOverride>F</wordProcOverride></word><word><wordId>34</wordId><localWord>people</localWord><conWord>6ybg</conWord><wordType>noun</wordType><pronunciation>kuː ↗kuː ŋ ↘loʊ </pronunciation><wordGender/><wordPlural/><definition>A group of individual persons. Applies specifically to the Kukun'lu, the only technologically or culturally advanced race on Ki'Darisa.The grouping may refer to the entire race, similar to "humanity" referring to all humans, or to a particular group within the species.</definition><wordProcOverride>F</wordProcOverride></word><word><wordId>33</wordId><localWord>person</localWord><conWord>6hb</conWord><wordType>noun</wordType><pronunciation>kuː ↘kuː ŋ </pronunciation><wordGender/><wordPlural/><definition>A singular person. Applies specifically to the Kukun'lu, the only technologically or culturally advanced race on Ki'Darisa.</definition><wordProcOverride>F</wordProcOverride></word><word><wordId>111</wordId><localWord>good</localWord><conWord>6u0</conWord><wordType>adjectival</wordType><pronunciation>kuː ↗miː siː </pronunciation><wordGender/><wordPlural/><definition>Good.</definition><wordProcOverride>F</wordProcOverride></word><word><wordId>132</wordId><localWord>become</localWord><conWord>6j5</conWord><wordType>verb</wordType><pronunciation>kuː ↘miː loʊ </pronunciation><wordGender/><wordPlural/><definition>To become.</definition><wordProcOverride>F</wordProcOverride></word><word><wordId>55</wordId><localWord>face</localWord><conWord>6l</conWord><wordType>noun</wordType><pronunciation>kuː ↘jæ </pronunciation><wordGender/><wordPlural/><definition>An creature's face. Used exclusively to refer to the portion of a body.</definition><wordProcOverride>F</wordProcOverride></word><word><wordId>8</wordId><localWord>after</localWord><conWord>60</conWord><wordType>preposition</wordType><pronunciation>kuː siː </pronunciation><wordGender/><wordPlural/><definition>Taking place following some relative time. This word applies only to time, not to physical positions.</definition><wordProcOverride>F</wordProcOverride></word><word><wordId>118</wordId><localWord>and</localWord><conWord>60t</conWord><wordType>conjunction</wordType><pronunciation>kuː siː ↗loʊ </pronunciation><wordGender/><wordPlural/><definition>This word is used exclusively as a conjunction which binds sentence fragments together, rather than an ennumerator (which there is a separate word for).</definition><wordProcOverride>F</wordProcOverride></word><word><wordId>49</wordId><localWord>fur</localWord><conWord>6;</conWord><wordType>noun</wordType><pronunciation>kuː ↘siː </pronunciation><wordGender/><wordPlural/><definition>A creature's fur.</definition><wordProcOverride>F</wordProcOverride></word><word><wordId>50</wordId><localWord>horn</localWord><conWord>6zaz</conWord><wordType>noun</wordType><pronunciation>kuː t ↘hɑː t </pronunciation><wordGender/><wordPlural/><definition>A creature's horn.</definition><wordProcOverride>F</wordProcOverride></word><word><wordId>37</wordId><localWord>louse</localWord><conWord>6zhz</conWord><wordType>noun</wordType><pronunciation>kuː t ↘kuː t </pronunciation><wordGender/><wordPlural/><definition>Any sort of bug that bites, or causes physical discomfort. The word implies the possibility of infestation, or persistent bother.</definition><wordProcOverride>F</wordProcOverride></word><word><wordId>73</wordId><localWord>know</localWord><conWord>6b5</conWord><wordType>verb</wordType><pronunciation>kuː ŋ loʊ </pronunciation><wordGender/><wordPlural/><definition>To know.</definition><wordProcOverride>F</wordProcOverride></word><word><wordId>56</wordId><localWord>snout, muzzle, nose</localWord><conWord>7q</conWord><wordType>noun</wordType><pronunciation>miː ↗hɑː </pronunciation><wordGender/><wordPlural/><definition>Snout, nose, or muzzle.</definition><wordProcOverride>F</wordProcOverride></word><word><wordId>10</wordId><localWord>opposing</localWord><conWord>7a0</conWord><wordType>adjectival</wordType><pronunciation>miː ↘hɑː siː </pronunciation><wordGender/><wordPlural/><definition>In conflict or competition. Standing contrary either in a literal, or a figurative sense.</definition><wordProcOverride>F</wordProcOverride></word><word><wordId>25</wordId><localWord>allow</localWord><conWord>7305</conWord><wordType>verb</wordType><pronunciation>miː noʊ siː loʊ </pronunciation><wordGender/><wordPlural/><definition>To allow. As in "I will allow this."</definition><wordProcOverride>F</wordProcOverride></word><word><wordId>65</wordId><localWord>neck</localWord><conWord>7e;</conWord><wordType>noun</wordType><pronunciation>miː ↗noʊ ↘siː </pronunciation><wordGender/><wordPlural/><definition>The neck of something. Can be used in a similar fashion to "head," in that it is a connector between a it and a body, even if this is in a relatively abstract sense.</definition><wordProcOverride>F</wordProcOverride></word><word><wordId>58</wordId><localWord>tooth, fang</localWord><conWord>7g</conWord><wordType>noun</wordType><pronunciation>miː ↘loʊ </pronunciation><wordGender/><wordPlural/><definition>Tooth or fang.</definition><wordProcOverride>F</wordProcOverride></word><word><wordId>51</wordId><localWord>tail</localWord><conWord>76</conWord><wordType>noun</wordType><pronunciation>miː kuː </pronunciation><wordGender/><wordPlural/><definition>A creature's tail.</definition><wordProcOverride>F</wordProcOverride></word><word><wordId>141</wordId><localWord>spring, coil</localWord><conWord>7ua</conWord><wordType>noun</wordType><pronunciation>miː ↗miː ↘hɑː </pronunciation><wordGender/><wordPlural/><definition>A spring or coil. Specifically something that can be compressed or wound to store mechanical energy.</definition><wordProcOverride>F</wordProcOverride></word><word><wordId>22</wordId><localWord>who</localWord><conWord>7z</conWord><wordType>pronoun</wordType><pronunciation>miː t </pronunciation><wordGender/><wordPlural/><definition>who, whomA pronon referencing an explicitly unknown party. Typically interogative in nature.</definition><wordProcOverride>F</wordProcOverride></word><word><wordId>5</wordId><localWord>above</localWord><conWord>7z0</conWord><wordType>preposition</wordType><pronunciation>miː t siː </pronunciation><wordGender/><wordPlural/><definition>A position that is above some relative location.</definition><wordProcOverride>F</wordProcOverride></word><word><wordId>3</wordId><localWord>able</localWord><conWord>8w0</conWord><wordType>adjectival</wordType><pronunciation>dɛ ↗wɑː siː </pronunciation><wordGender/><wordPlural/><definition>Having the ability to do something. "Able" as in "They are able to do perform a task."</definition><wordProcOverride>F</wordProcOverride></word><word><wordId>142</wordId><localWord>thank you</localWord><conWord>8r8</conWord><wordType>exclamation</wordType><pronunciation>dɛ ↗ʀə dɛ </pronunciation><wordGender/><wordPlural/><definition>"Thank you."</definition><wordProcOverride>F</wordProcOverride></word><word><wordId>78</wordId><localWord>come</localWord><conWord>85</conWord><wordType>verb</wordType><pronunciation>dɛ loʊ </pronunciation><wordGender/><wordPlural/><definition>To come from some other location to a current location.</definition><wordProcOverride>F</wordProcOverride></word><word><wordId>66</wordId><localWord>heart, core</localWord><conWord>8h</conWord><wordType>noun</wordType><pronunciation>dɛ ↘kuː </pronunciation><wordGender/><wordPlural/><definition>1) A creature's heart. 2) The core of a concept.</definition><wordProcOverride>F</wordProcOverride></word><word><wordId>61</wordId><localWord>foot</localWord><conWord>87</conWord><wordType>noun</wordType><pronunciation>dɛ miː </pronunciation><wordGender/><wordPlural/><definition>A creature's foot, or the lowest portion of a support structure.</definition><wordProcOverride>F</wordProcOverride></word><word><wordId>28</wordId><localWord>not, anti, un</localWord><conWord>80</conWord><wordType>adjectival</wordType><pronunciation>dɛ siː </pronunciation><wordGender/><wordPlural/><definition>Not, un, antiThis is an adjectival form that may be applied to nearly any concept or verb to make it take the opposite meaning. if applied to a phrase, the phrase takes the opposite meaning.</definition><wordProcOverride>F</wordProcOverride></word><word><wordId>6</wordId><localWord>act</localWord><conWord>8b5</conWord><wordType>verb</wordType><pronunciation>dɛ ŋ loʊ </pronunciation><wordGender/><wordPlural/><definition>To behave in a particular way. This bears the implication that the manner of acting is disingenuous.</definition><wordProcOverride>F</wordProcOverride></word><word><wordId>83</wordId><localWord>stand</localWord><conWord>95</conWord><wordType>verb</wordType><pronunciation>jæ loʊ </pronunciation><wordGender/><wordPlural/><definition>To stand upright. This specifically refers to standing errect on one's hind legs.</definition><wordProcOverride>F</wordProcOverride></word><word><wordId>84</wordId><localWord>stand</localWord><conWord>9k5</conWord><wordType>verb</wordType><pronunciation>jæ ↘dɛ loʊ </pronunciation><wordGender/><wordPlural/><definition>To stand on all fours. This applies only when standing on all four limbs, rather than only the hind legs.</definition><wordProcOverride>F</wordProcOverride></word><word><wordId>48</wordId><localWord>egg</localWord><conWord>9b</conWord><wordType>noun</wordType><pronunciation>jæ ŋ </pronunciation><wordGender/><wordPlural/><definition>The egg of an animal. An external ovum, whether fertilized or not.</definition><wordProcOverride>F</wordProcOverride></word><word><wordId>64</wordId><localWord>trunk, belly, stalk</localWord><conWord>9b6</conWord><wordType>noun</wordType><pronunciation>jæ ŋ kuː </pronunciation><wordGender/><wordPlural/><definition>This refers to the primary pillar of support for something. For a plant, this is the trunk, or stalk. For a creature, this is the torso/belly.</definition><wordProcOverride>F</wordProcOverride></word><word><wordId>102</wordId><localWord>dung, feces, poop</localWord><conWord>zqcz</conWord><wordType>noun</wordType><pronunciation>t ↗hɑː ʃ t </pronunciation><wordGender/><wordPlural/><definition>Dung, feces, or poop. May be used in reference to general waste created by animals, machines, etc. The smoke from a car's tailpipe could be referenced by this under the right context. Any waste product.</definition><wordProcOverride>F</wordProcOverride></word><word><wordId>47</wordId><localWord>grease</localWord><conWord>v1vac</conWord><wordType>noun</wordType><pronunciation>f hɑː f ↘hɑː ʃ </pronunciation><wordGender/><wordPlural/><definition>Grease, or fat. May be used to describe anything that is viscous, and that is used to burn or to lubricate. Also describes grime of an oily nature.</definition><wordProcOverride>F</wordProcOverride></word><word><wordId>88</wordId><localWord>small, tiny</localWord><conWord>v1b</conWord><wordType>prefix</wordType><pronunciation>f hɑː ŋ </pronunciation><wordGender/><wordPlural/><definition>This can be afixed to the beginning of words to make them conceptually smaller. Care must be taken, as some words have their meaning fundamentally changed by the prefix. For example, a "small voice" means "star."</definition><wordProcOverride>F</wordProcOverride></word><word><wordId>90</wordId><localWord>star</localWord><conWord>v1b3b</conWord><wordType>noun</wordType><pronunciation>f hɑː ŋ noʊ ŋ </pronunciation><wordGender/><wordPlural/><definition>A star in the sky. Technically Cikil, the sun over Ki'Darisa, is a star as well, and the kukun'lu are aware of this, but the word is rarely used to describe their sun.Lit: small voice</definition><wordProcOverride>F</wordProcOverride></word><declensionNode><declensionId>4</declensionId><declensionText>verb decl/conj</declensionText><declensionNotes>Autogenerated from pre-0.7.5 version of PolyGlot.</declensionNotes><declensionTemplate>1</declensionTemplate><declensionRelatedId>4</declensionRelatedId><declensionMandatory>F</declensionMandatory><dimensionNode><dimensionId>1</dimensionId><dimensionName>past</dimensionName><dimensionMand>F</dimensionMand></dimensionNode><dimensionNode><dimensionId>2</dimensionId><dimensionName>present</dimensionName><dimensionMand>F</dimensionMand></dimensionNode><dimensionNode><dimensionId>3</dimensionId><dimensionName>future</dimensionName><dimensionMand>F</dimensionMand></dimensionNode><dimensionNode><dimensionId>4</dimensionId><dimensionName>past-uncertain</dimensionName><dimensionMand>F</dimensionMand></dimensionNode><dimensionNode><dimensionId>5</dimensionId><dimensionName>present-uncertain</dimensionName><dimensionMand>F</dimensionMand></dimensionNode><dimensionNode><dimensionId>6</dimensionId><dimensionName>future-uncertain</dimensionName><dimensionMand>F</dimensionMand></dimensionNode></declensionNode><proGuide><proGuideBase>1</proGuideBase><proGuidePhon>hɑː</proGuidePhon></proGuide><proGuide><proGuideBase>2</proGuideBase><proGuidePhon>wɑː</proGuidePhon></proGuide><proGuide><proGuideBase>3</proGuideBase><proGuidePhon>noʊ</proGuidePhon></proGuide><proGuide><proGuideBase>4</proGuideBase><proGuidePhon>ʀə</proGuidePhon></proGuide><proGuide><proGuideBase>5</proGuideBase><proGuidePhon>loʊ</proGuidePhon></proGuide><proGuide><proGuideBase>6</proGuideBase><proGuidePhon>kuː</proGuidePhon></proGuide><proGuide><proGuideBase>7</proGuideBase><proGuidePhon>miː</proGuidePhon></proGuide><proGuide><proGuideBase>8</proGuideBase><proGuidePhon>dɛ</proGuidePhon></proGuide><proGuide><proGuideBase>9</proGuideBase><proGuidePhon>jæ</proGuidePhon></proGuide><proGuide><proGuideBase>0</proGuideBase><proGuidePhon>siː</proGuidePhon></proGuide><proGuide><proGuideBase>q</proGuideBase><proGuidePhon>↗hɑː</proGuidePhon></proGuide><proGuide><proGuideBase>w</proGuideBase><proGuidePhon>↗wɑː</proGuidePhon></proGuide><proGuide><proGuideBase>e</proGuideBase><proGuidePhon>↗noʊ</proGuidePhon></proGuide><proGuide><proGuideBase>r</proGuideBase><proGuidePhon>↗ʀə</proGuidePhon></proGuide><proGuide><proGuideBase>t</proGuideBase><proGuidePhon>↗loʊ</proGuidePhon></proGuide><proGuide><proGuideBase>y</proGuideBase><proGuidePhon>↗kuː</proGuidePhon></proGuide><proGuide><proGuideBase>u</proGuideBase><proGuidePhon>↗miː</proGuidePhon></proGuide><proGuide><proGuideBase>i</proGuideBase><proGuidePhon>↗dɛ</proGuidePhon></proGuide><proGuide><proGuideBase>o</proGuideBase><proGuidePhon>↗jæ</proGuidePhon></proGuide><proGuide><proGuideBase>p</proGuideBase><proGuidePhon>↗siː</proGuidePhon></proGuide><proGuide><proGuideBase>a</proGuideBase><proGuidePhon>↘hɑː</proGuidePhon></proGuide><proGuide><proGuideBase>s</proGuideBase><proGuidePhon>↘wɑː</proGuidePhon></proGuide><proGuide><proGuideBase>d</proGuideBase><proGuidePhon>↘noʊ</proGuidePhon></proGuide><proGuide><proGuideBase>f</proGuideBase><proGuidePhon>↘ʀə</proGuidePhon></proGuide><proGuide><proGuideBase>g</proGuideBase><proGuidePhon>↘loʊ</proGuidePhon></proGuide><proGuide><proGuideBase>h</proGuideBase><proGuidePhon>↘kuː</proGuidePhon></proGuide><proGuide><proGuideBase>j</proGuideBase><proGuidePhon>↘miː</proGuidePhon></proGuide><proGuide><proGuideBase>k</proGuideBase><proGuidePhon>↘dɛ</proGuidePhon></proGuide><proGuide><proGuideBase>l</proGuideBase><proGuidePhon>↘jæ</proGuidePhon></proGuide><proGuide><proGuideBase>;</proGuideBase><proGuidePhon>↘siː</proGuidePhon></proGuide><proGuide><proGuideBase>z</proGuideBase><proGuidePhon>t</proGuidePhon></proGuide><proGuide><proGuideBase>x</proGuideBase><proGuidePhon>θ</proGuidePhon></proGuide><proGuide><proGuideBase>c</proGuideBase><proGuidePhon>ʃ</proGuidePhon></proGuide><proGuide><proGuideBase>v</proGuideBase><proGuidePhon>f</proGuidePhon></proGuide><proGuide><proGuideBase>b</proGuideBase><proGuidePhon>ŋ</proGuidePhon></proGuide></dictionary>