<?xml version="1.0" encoding="UTF-8" standalone="no"?><dictionary><PolyGlotVer>0.9.1</PolyGlotVer><fontCon>sansserif</fontCon><fontStyle>0</fontStyle><fontSize>12</fontSize><langName/><alphaOrder/><proAutoPop>F</proAutoPop><langPropTypeMandatory>F</langPropTypeMandatory><langPropLocalMandatory>F</langPropLocalMandatory><langPropLocalUniqueness>F</langPropLocalUniqueness><langPropWordUniqueness>F</langPropWordUniqueness><langPropIgnoreCase>F</langPropIgnoreCase><langPropDisableProcRegex>F</langPropDisableProcRegex><word><wordId>2</wordId><localWord>b&amp;b</localWord><conWord>a&amp;a</conWord><wordType/><pronunciation>c&amp;c</pronunciation><wordGender/><definition>d&amp;d</definition><wordProcOverride>F</wordProcOverride><autoDeclOverride>F</autoDeclOverride></word><thesNode/></dictionary>