<?xml version="1.0" encoding="UTF-8" standalone="no"?><dictionary><PolyGlotVer>0.9.2</PolyGlotVer><fontCon>sansserif</fontCon><fontStyle>0</fontStyle><fontSize>12</fontSize><langName>Serfale</langName><alphaOrder>a à á b č d đ e é f g h i ï j q l m n o p r ř s t u ü v w y z</alphaOrder><proAutoPop>F</proAutoPop><langPropTypeMandatory>F</langPropTypeMandatory><langPropLocalMandatory>F</langPropLocalMandatory><langPropLocalUniqueness>F</langPropLocalUniqueness><langPropWordUniqueness>F</langPropWordUniqueness><langPropIgnoreCase>F</langPropIgnoreCase><langPropDisableProcRegex>F</langPropDisableProcRegex><gender><genderId>3</genderId><genderName>feminine</genderName><genderNotes>Feminine words end in vowels:
é, e, i, a (or à), o, and á
 
The feminine form for all regular terms is recognized first.</genderNotes></gender><gender><genderId>5</genderId><genderName>holy</genderName><genderNotes>Holy words can end in nearly any letter. These nouns refer to things that occur in nature, other than animals.</genderNotes></gender><gender><genderId>2</genderId><genderName>masculine</genderName><genderNotes>Masculine words end in consonants:
 t, d, r, n, s, v*, f*, and l
*v and f are an irregularity that can appear after any vowel except for o. 

Masculine forms depend on the vowel endings of the feminine form.</genderNotes></gender><gender><genderId>4</genderId><genderName>neutral</genderName><genderNotes>Neutral words end in either sh or ch. Only nouns can have a neutral gender.</genderNotes></gender><gender><genderId>6</genderId><genderName>none</genderName><genderNotes/></gender><class><classId>3</classId><className>I,V noun</className><classNotes>Class I nouns refer to things and places.

Applicable genders: m, f, n

Words do not have multiple gender forms, they are either masculine, feminine, or neutral.
*********
Class V nouns are for anything conceptual in an abstract manner, and for things related to time.

Applicable genders: m, f, n

Words do not have multiple gender forms, they are either masculine, feminine, or neutral.</classNotes><definitionMandatoryClass>T</definitionMandatoryClass><genderMandatoryClass>T</genderMandatoryClass><pluralityMandatoryClass>F</pluralityMandatoryClass><pronunciationMandatoryClass>F</pronunciationMandatoryClass><classPattern/></class><class><classId>4</classId><className>II, III noun</className><classNotes>Class II nouns refer to anything culture/racial specific.

Applicable genders: m, f

Words have both a masculine and feminine form.
*********
Class III nouns refer to anything animal or alien related (alien as in outside of one's culture or race).

Applicable genders: m, f

Words have both a masculine and feminine form.</classNotes><definitionMandatoryClass>T</definitionMandatoryClass><genderMandatoryClass>T</genderMandatoryClass><pluralityMandatoryClass>F</pluralityMandatoryClass><pronunciationMandatoryClass>F</pronunciationMandatoryClass><classPattern/></class><class><classId>6</classId><className>IV noun</className><classNotes>Class IV nouns are reserved for describing things in nature (but not animals) and terms specific to religion.

Applicable genders: h</classNotes><definitionMandatoryClass>T</definitionMandatoryClass><genderMandatoryClass>T</genderMandatoryClass><pluralityMandatoryClass>F</pluralityMandatoryClass><pronunciationMandatoryClass>F</pronunciationMandatoryClass><classPattern/></class><class><classId>2</classId><className>pronoun</className><classNotes>Includes:
personal pronouns for subjects and objects
possessive pronouns and their adjectival states
correlatives (interrogatives, demonstratives, and quantifiers)</classNotes><definitionMandatoryClass>T</definitionMandatoryClass><genderMandatoryClass>F</genderMandatoryClass><pluralityMandatoryClass>F</pluralityMandatoryClass><pronunciationMandatoryClass>F</pronunciationMandatoryClass><classPattern/></class><word><wordId>73</wordId><localWord>arrow</localWord><conWord>awésed</conWord><wordType>I,V noun</wordType><pronunciation/><wordGender>masculine</wordGender><definition>arrow, class 1 noun, projectile fired from a bow or other similar weapon.</definition><wordProcOverride>F</wordProcOverride><autoDeclOverride>F</autoDeclOverride><wordRuleOverride>F</wordRuleOverride></word><word><wordId>83</wordId><localWord>chosen people</localWord><conWord>àqá</conWord><wordType>II, III noun</wordType><pronunciation/><wordGender>feminine</wordGender><definition>chosen people, class II noun, how speakers refer to their own species, particularly amongst the elite, the educated, the clergy, and the aristocracy. It's often use sarcastically amongst the lower class or radical elements of society.</definition><wordProcOverride>F</wordProcOverride><autoDeclOverride>F</autoDeclOverride><wordRuleOverride>F</wordRuleOverride></word><word><wordId>53</wordId><localWord>everyone</localWord><conWord>bélàri</conWord><wordType>pronoun</wordType><pronunciation>b e l ɑ ɹ i </pronunciation><wordGender>none</wordGender><definition>everyone: person, total quantifier</definition><wordProcOverride>F</wordProcOverride><autoDeclOverride>F</autoDeclOverride><wordRuleOverride>F</wordRuleOverride></word><word><wordId>52</wordId><localWord>all</localWord><conWord>bés</conWord><wordType>pronoun</wordType><pronunciation>b e s </pronunciation><wordGender>none</wordGender><definition>all: adjective, total quantifier</definition><wordProcOverride>F</wordProcOverride><autoDeclOverride>F</autoDeclOverride><wordRuleOverride>F</wordRuleOverride></word><word><wordId>56</wordId><localWord>always</localWord><conWord>béswi</conWord><wordType>pronoun</wordType><pronunciation>b e s w i </pronunciation><wordGender>none</wordGender><definition>always: time, total quantifier</definition><wordProcOverride>F</wordProcOverride><autoDeclOverride>F</autoDeclOverride><wordRuleOverride>F</wordRuleOverride></word><word><wordId>55</wordId><localWord>everywhere</localWord><conWord>béswul</conWord><wordType>pronoun</wordType><pronunciation>b e s w ʊ l </pronunciation><wordGender>none</wordGender><definition>everywhere: place, total quantifier</definition><wordProcOverride>F</wordProcOverride><autoDeclOverride>F</autoDeclOverride><wordRuleOverride>F</wordRuleOverride></word><word><wordId>54</wordId><localWord>everything</localWord><conWord>bulàřé</conWord><wordType>pronoun</wordType><pronunciation>b ʊ l ɑ ɾ e </pronunciation><wordGender>none</wordGender><definition>everything: thing, total quantifier</definition><wordProcOverride>F</wordProcOverride><autoDeclOverride>F</autoDeclOverride><wordRuleOverride>F</wordRuleOverride></word><word><wordId>69</wordId><localWord>rock</localWord><conWord>čád</conWord><wordType>I,V noun</wordType><pronunciation>x æ d </pronunciation><wordGender>masculine</wordGender><definition>rock, class 1 noun, stone, typically small enough to be held with both hands or less. </definition><wordProcOverride>F</wordProcOverride><autoDeclOverride>F</autoDeclOverride><wordRuleOverride>F</wordRuleOverride></word><word><wordId>67</wordId><localWord>room</localWord><conWord>đenir</conWord><wordType>I,V noun</wordType><pronunciation>θ ɛ n i ɹ </pronunciation><wordGender>masculine</wordGender><definition>room, class 1 noun, or other generic living space</definition><wordProcOverride>F</wordProcOverride><autoDeclOverride>F</autoDeclOverride><wordRuleOverride>F</wordRuleOverride></word><word><wordId>47</wordId><localWord>no</localWord><conWord>fàs</conWord><wordType>pronoun</wordType><pronunciation>f ɑ s </pronunciation><wordGender>none</wordGender><definition>no: adjective, negative quantifier</definition><wordProcOverride>F</wordProcOverride><autoDeclOverride>F</autoDeclOverride><wordRuleOverride>F</wordRuleOverride></word><word><wordId>48</wordId><localWord>no one</localWord><conWord>fàsàri</conWord><wordType>pronoun</wordType><pronunciation>f ɑ s ɑ ɹ i </pronunciation><wordGender>none</wordGender><definition>no one: person, negative quantifier</definition><wordProcOverride>F</wordProcOverride><autoDeclOverride>F</autoDeclOverride><wordRuleOverride>F</wordRuleOverride></word><word><wordId>49</wordId><localWord>nothing</localWord><conWord>fàsàřé</conWord><wordType>pronoun</wordType><pronunciation>f ɑ s ɑ ɾ e </pronunciation><wordGender>none</wordGender><definition>nothing: thing, negative quantifier</definition><wordProcOverride>F</wordProcOverride><autoDeclOverride>F</autoDeclOverride><wordRuleOverride>F</wordRuleOverride></word><word><wordId>51</wordId><localWord>never</localWord><conWord>fàswi</conWord><wordType>pronoun</wordType><pronunciation>f ɑ s w i </pronunciation><wordGender>none</wordGender><definition>never: time, negative quantifier</definition><wordProcOverride>F</wordProcOverride><autoDeclOverride>F</autoDeclOverride><wordRuleOverride>F</wordRuleOverride></word><word><wordId>50</wordId><localWord>nowhere</localWord><conWord>fàswul</conWord><wordType>pronoun</wordType><pronunciation>f ɑ s w ʊ l </pronunciation><wordGender>none</wordGender><definition>nowhere: place, negative quantifier</definition><wordProcOverride>F</wordProcOverride><autoDeclOverride>F</autoDeclOverride><wordRuleOverride>F</wordRuleOverride></word><word><wordId>62</wordId><localWord>day</localWord><conWord>fália</conWord><wordType>I,V noun</wordType><pronunciation>f æ l i ʌ </pronunciation><wordGender>feminine</wordGender><definition>daytime, class 1 noun, expected sunlight hours</definition><wordProcOverride>F</wordProcOverride><autoDeclOverride>F</autoDeclOverride><wordRuleOverride>F</wordRuleOverride></word><word><wordId>76</wordId><localWord>glass</localWord><conWord>gàsà</conWord><wordType>I,V noun</wordType><pronunciation/><wordGender>feminine</wordGender><definition>glass, class 1 noun, material used for windows, containers, or sculpture</definition><wordProcOverride>F</wordProcOverride><autoDeclOverride>F</autoDeclOverride><wordRuleOverride>F</wordRuleOverride></word><word><wordId>77</wordId><localWord>land</localWord><conWord>gál</conWord><wordType>I,V noun</wordType><pronunciation/><wordGender>masculine</wordGender><definition>land, class 1 noun, territory owned by a person, estate, or government</definition><wordProcOverride>F</wordProcOverride><autoDeclOverride>F</autoDeclOverride><wordRuleOverride>F</wordRuleOverride></word><word><wordId>21</wordId><localWord>yours</localWord><conWord>imà</conWord><wordType>pronoun</wordType><pronunciation>i m ɑ </pronunciation><wordGender>none</wordGender><definition>yours: pronoun, second-person, singular
your: adjective, second-person, singular</definition><wordProcOverride>F</wordProcOverride><autoDeclOverride>F</autoDeclOverride><wordRuleOverride>F</wordRuleOverride></word><word><wordId>22</wordId><localWord>yours</localWord><conWord>imàlos</conWord><wordType>pronoun</wordType><pronunciation>i m ɑ l o s </pronunciation><wordGender>none</wordGender><definition>yours: pronoun, second-person, plural
your: adjective, second-person, plural</definition><wordProcOverride>F</wordProcOverride><autoDeclOverride>F</autoDeclOverride><wordRuleOverride>F</wordRuleOverride></word><word><wordId>2</wordId><localWord>I</localWord><conWord>ïd</conWord><wordType>pronoun</wordType><pronunciation>ɪ d </pronunciation><wordGender>none</wordGender><definition>I: subject, first-person, singular</definition><wordProcOverride>F</wordProcOverride><autoDeclOverride>F</autoDeclOverride><wordRuleOverride>F</wordRuleOverride></word><word><wordId>3</wordId><localWord>me</localWord><conWord>ïdfa</conWord><wordType>pronoun</wordType><pronunciation>ɪ d f ʌ </pronunciation><wordGender>none</wordGender><definition>me: object, first-person, singular</definition><wordProcOverride>F</wordProcOverride><autoDeclOverride>F</autoDeclOverride><wordRuleOverride>F</wordRuleOverride></word><word><wordId>16</wordId><localWord>they them</localWord><conWord>qàđ</conWord><wordType>pronoun</wordType><pronunciation>k ɑ θ </pronunciation><wordGender>none</wordGender><definition>they: subject, third-person, plural
them: object, third-person, plural</definition><wordProcOverride>F</wordProcOverride><autoDeclOverride>F</autoDeclOverride><wordRuleOverride>F</wordRuleOverride></word><word><wordId>68</wordId><localWord>side</localWord><conWord>qáninto</conWord><wordType>I,V noun</wordType><pronunciation>k æ n i n t o </pronunciation><wordGender>masculine</wordGender><definition>side, class 1 noun, a non-specific side of a non-living, physical object</definition><wordProcOverride>F</wordProcOverride><autoDeclOverride>F</autoDeclOverride><wordRuleOverride>F</wordRuleOverride></word><word><wordId>78</wordId><localWord>people</localWord><conWord>qorash</conWord><wordType>I,V noun</wordType><pronunciation/><wordGender>neutral</wordGender><definition>people, class 1 noun, as in representative of a culture or nation (the people of X)</definition><wordProcOverride>F</wordProcOverride><autoDeclOverride>F</autoDeclOverride><wordRuleOverride>F</wordRuleOverride></word><word><wordId>8</wordId><localWord>he</localWord><conWord>qül</conWord><wordType>pronoun</wordType><pronunciation>k u l </pronunciation><wordGender>masculine</wordGender><definition>he: subject, third-person, singular</definition><wordProcOverride>F</wordProcOverride><autoDeclOverride>F</autoDeclOverride><wordRuleOverride>F</wordRuleOverride></word><word><wordId>14</wordId><localWord>they them</localWord><conWord>qüleđ</conWord><wordType>pronoun</wordType><pronunciation>k u l ɛ θ </pronunciation><wordGender>masculine</wordGender><definition>they: subject, third-person, plural
them: object, third-person, plural</definition><wordProcOverride>F</wordProcOverride><autoDeclOverride>F</autoDeclOverride><wordRuleOverride>F</wordRuleOverride></word><word><wordId>9</wordId><localWord>him</localWord><conWord>qülen</conWord><wordType>pronoun</wordType><pronunciation>k u l ɛ n </pronunciation><wordGender>masculine</wordGender><definition>him: object, third-person, singular</definition><wordProcOverride>F</wordProcOverride><autoDeclOverride>F</autoDeclOverride><wordRuleOverride>F</wordRuleOverride></word><word><wordId>85</wordId><localWord>ear</localWord><conWord>qüli</conWord><wordType>II, III noun</wordType><pronunciation/><wordGender>feminine</wordGender><definition>ear, class II noun</definition><wordProcOverride>F</wordProcOverride><autoDeclOverride>F</autoDeclOverride><wordRuleOverride>F</wordRuleOverride></word><word><wordId>34</wordId><localWord>who</localWord><conWord>qwalàri</conWord><wordType>pronoun</wordType><pronunciation>k w ʌ l ɑ ɹ i </pronunciation><wordGender>none</wordGender><definition>who: interrogative (person)</definition><wordProcOverride>F</wordProcOverride><autoDeclOverride>F</autoDeclOverride><wordRuleOverride>F</wordRuleOverride></word><word><wordId>33</wordId><localWord>which</localWord><conWord>qwalàřé</conWord><wordType>pronoun</wordType><pronunciation>k w ʌ l ɑ ɾ e </pronunciation><wordGender>none</wordGender><definition>which: interrogative (adjective)</definition><wordProcOverride>F</wordProcOverride><autoDeclOverride>F</autoDeclOverride><wordRuleOverride>F</wordRuleOverride></word><word><wordId>39</wordId><localWord>why</localWord><conWord>qwéàřé</conWord><wordType>pronoun</wordType><pronunciation>k w e ɑ ɾ e </pronunciation><wordGender>none</wordGender><definition>why: interrogative (reason)</definition><wordProcOverride>F</wordProcOverride><autoDeclOverride>F</autoDeclOverride><wordRuleOverride>F</wordRuleOverride></word><word><wordId>37</wordId><localWord>when</localWord><conWord>qwiàřé</conWord><wordType>pronoun</wordType><pronunciation>k w i ɑ ɾ e </pronunciation><wordGender>none</wordGender><definition>when: interrogative (time)</definition><wordProcOverride>F</wordProcOverride><autoDeclOverride>F</autoDeclOverride><wordRuleOverride>F</wordRuleOverride></word><word><wordId>35</wordId><localWord>what</localWord><conWord>qwïlàřé</conWord><wordType>pronoun</wordType><pronunciation>k w ɪ l ɑ ɾ e </pronunciation><wordGender>none</wordGender><definition>what: interrogative (thing)</definition><wordProcOverride>F</wordProcOverride><autoDeclOverride>F</autoDeclOverride><wordRuleOverride>F</wordRuleOverride></word><word><wordId>38</wordId><localWord>how</localWord><conWord>qwolàřé</conWord><wordType>pronoun</wordType><pronunciation>k w o l ɑ ɾ e </pronunciation><wordGender>none</wordGender><definition>how: interrogative (way)</definition><wordProcOverride>F</wordProcOverride><autoDeclOverride>F</autoDeclOverride><wordRuleOverride>F</wordRuleOverride></word><word><wordId>36</wordId><localWord>where</localWord><conWord>qwulàřé</conWord><wordType>pronoun</wordType><pronunciation>k w ʊ l ɑ ɾ e </pronunciation><wordGender>none</wordGender><definition>where: interrogative (place)</definition><wordProcOverride>F</wordProcOverride><autoDeclOverride>F</autoDeclOverride><wordRuleOverride>F</wordRuleOverride></word><word><wordId>6</wordId><localWord>you</localWord><conWord>mà</conWord><wordType>pronoun</wordType><pronunciation>m ɑ </pronunciation><wordGender>none</wordGender><definition>you: subject, object, second-person, singular</definition><wordProcOverride>F</wordProcOverride><autoDeclOverride>F</autoDeclOverride><wordRuleOverride>F</wordRuleOverride></word><word><wordId>7</wordId><localWord>you</localWord><conWord>màlos</conWord><wordType>pronoun</wordType><pronunciation>m ɑ l o s </pronunciation><wordGender>none</wordGender><definition>you: subject, object, second-person, plural</definition><wordProcOverride>F</wordProcOverride><autoDeclOverride>F</autoDeclOverride><wordRuleOverride>F</wordRuleOverride></word><word><wordId>79</wordId><localWord>town</localWord><conWord>mev</conWord><wordType>I,V noun</wordType><pronunciation/><wordGender>masculine</wordGender><definition>town, class 1 noun, population center smaller in size and population to a city</definition><wordProcOverride>F</wordProcOverride><autoDeclOverride>F</autoDeclOverride><wordRuleOverride>F</wordRuleOverride></word><word><wordId>75</wordId><localWord>city</localWord><conWord>mevil</conWord><wordType>I,V noun</wordType><pronunciation/><wordGender>masculine</wordGender><definition>city, class 1 noun, large population center</definition><wordProcOverride>F</wordProcOverride><autoDeclOverride>F</autoDeclOverride><wordRuleOverride>F</wordRuleOverride></word><word><wordId>31</wordId><localWord>theirs their</localWord><conWord>miqàđ</conWord><wordType>pronoun</wordType><pronunciation>m i k ɑ θ </pronunciation><wordGender>none</wordGender><definition>theirs: pronoun, third-person, plural
their: adjective, third-person, plural</definition><wordProcOverride>F</wordProcOverride><autoDeclOverride>F</autoDeclOverride><wordRuleOverride>F</wordRuleOverride></word><word><wordId>29</wordId><localWord>theirs their</localWord><conWord>miqüleđ</conWord><wordType>pronoun</wordType><pronunciation>m i k u l ɛ θ </pronunciation><wordGender>none</wordGender><definition>theirs: pronoun, third-person, plural
their: adjective, third-person, plural</definition><wordProcOverride>F</wordProcOverride><autoDeclOverride>F</autoDeclOverride><wordRuleOverride>F</wordRuleOverride></word><word><wordId>19</wordId><localWord>ours</localWord><conWord>misel</conWord><wordType>pronoun</wordType><pronunciation>m i s ɛ l </pronunciation><wordGender>none</wordGender><definition>ours: pronoun, first-person, plural</definition><wordProcOverride>F</wordProcOverride><autoDeclOverride>F</autoDeclOverride><wordRuleOverride>F</wordRuleOverride></word><word><wordId>20</wordId><localWord>our</localWord><conWord>miséleđ</conWord><wordType>pronoun</wordType><pronunciation>m i s e l ɛ θ </pronunciation><wordGender>none</wordGender><definition>our: adjective, first-person, plural</definition><wordProcOverride>F</wordProcOverride><autoDeclOverride>F</autoDeclOverride><wordRuleOverride>F</wordRuleOverride></word><word><wordId>30</wordId><localWord>theirs their</localWord><conWord>misüleđ</conWord><wordType>pronoun</wordType><pronunciation>m i s u l ɛ θ </pronunciation><wordGender>none</wordGender><definition>theirs: pronoun, third-person, plural
their: adjective, third-person, plural</definition><wordProcOverride>F</wordProcOverride><autoDeclOverride>F</autoDeclOverride><wordRuleOverride>F</wordRuleOverride></word><word><wordId>17</wordId><localWord>mine</localWord><conWord>mïd</conWord><wordType>pronoun</wordType><pronunciation>m ɪ d </pronunciation><wordGender>none</wordGender><definition>mine: pronoun, first-person, singular</definition><wordProcOverride>F</wordProcOverride><autoDeclOverride>F</autoDeclOverride><wordRuleOverride>F</wordRuleOverride></word><word><wordId>18</wordId><localWord>my</localWord><conWord>mïdfa</conWord><wordType>pronoun</wordType><pronunciation>m ɪ d f ʌ </pronunciation><wordGender>none</wordGender><definition>my: adjective, first-person, singular</definition><wordProcOverride>F</wordProcOverride><autoDeclOverride>F</autoDeclOverride><wordRuleOverride>F</wordRuleOverride></word><word><wordId>23</wordId><localWord>his</localWord><conWord>mïqül</conWord><wordType>pronoun</wordType><pronunciation>m ɪ k u l </pronunciation><wordGender>masculine</wordGender><definition>his: pronoun, third-person, singular</definition><wordProcOverride>F</wordProcOverride><autoDeclOverride>F</autoDeclOverride><wordRuleOverride>F</wordRuleOverride></word><word><wordId>24</wordId><localWord>his</localWord><conWord>mïqülo</conWord><wordType>pronoun</wordType><pronunciation>m ɪ k u l o </pronunciation><wordGender>masculine</wordGender><definition>his: adjective, third-person, singular</definition><wordProcOverride>F</wordProcOverride><autoDeclOverride>F</autoDeclOverride><wordRuleOverride>F</wordRuleOverride></word><word><wordId>25</wordId><localWord>hers</localWord><conWord>mïsül</conWord><wordType>pronoun</wordType><pronunciation>m ɪ s u l </pronunciation><wordGender>feminine</wordGender><definition>hers: object, third-person, singular</definition><wordProcOverride>F</wordProcOverride><autoDeclOverride>F</autoDeclOverride><wordRuleOverride>F</wordRuleOverride></word><word><wordId>26</wordId><localWord>her</localWord><conWord>mïsülo</conWord><wordType>pronoun</wordType><pronunciation>m ɪ s u l o </pronunciation><wordGender>feminine</wordGender><definition>her: adjective, third-person, singular</definition><wordProcOverride>F</wordProcOverride><autoDeclOverride>F</autoDeclOverride><wordRuleOverride>F</wordRuleOverride></word><word><wordId>80</wordId><localWord>wall</localWord><conWord>nànted</conWord><wordType>I,V noun</wordType><pronunciation/><wordGender>masculine</wordGender><definition>wall, class 1 noun, a barrier or supporting structure designed to keep things or people out or provide protection for things or people inside.</definition><wordProcOverride>F</wordProcOverride><autoDeclOverride>F</autoDeclOverride><wordRuleOverride>F</wordRuleOverride></word><word><wordId>43</wordId><localWord>something</localWord><conWord>nüsü</conWord><wordType>pronoun</wordType><pronunciation>n u s u </pronunciation><wordGender>none</wordGender><definition>something: thing, variable quantifier</definition><wordProcOverride>F</wordProcOverride><autoDeclOverride>F</autoDeclOverride><wordRuleOverride>F</wordRuleOverride></word><word><wordId>41</wordId><localWord>some</localWord><conWord>nüsüđ</conWord><wordType>pronoun</wordType><pronunciation>n u s u θ </pronunciation><wordGender>none</wordGender><definition>some: adjective,  variable quantifier</definition><wordProcOverride>F</wordProcOverride><autoDeclOverride>F</autoDeclOverride><wordRuleOverride>F</wordRuleOverride></word><word><wordId>42</wordId><localWord>someone</localWord><conWord>nüsüm</conWord><wordType>pronoun</wordType><pronunciation>n u s u m </pronunciation><wordGender>none</wordGender><definition>someone: person,  variable quantifier</definition><wordProcOverride>F</wordProcOverride><autoDeclOverride>F</autoDeclOverride><wordRuleOverride>F</wordRuleOverride></word><word><wordId>74</wordId><localWord>calendar</localWord><conWord>pefiřásh</conWord><wordType>I,V noun</wordType><pronunciation/><wordGender>neutral</wordGender><definition>calendar, class 1 noun, device for keeping track of days, months, seasons, and years or combinations of one or more of those things.</definition><wordProcOverride>F</wordProcOverride><autoDeclOverride>F</autoDeclOverride><wordRuleOverride>F</wordRuleOverride></word><word><wordId>64</wordId><localWord>list</localWord><conWord>poqh</conWord><wordType>I,V noun</wordType><pronunciation>p o k h </pronunciation><wordGender>neutral</wordGender><definition>list, class 1 noun, an organized collection of other class I things</definition><wordProcOverride>F</wordProcOverride><autoDeclOverride>F</autoDeclOverride><wordRuleOverride>F</wordRuleOverride></word><word><wordId>84</wordId><localWord>cousin</localWord><conWord>samera</conWord><wordType>II, III noun</wordType><pronunciation/><wordGender>feminine</wordGender><definition>cousin, class II noun</definition><wordProcOverride>F</wordProcOverride><autoDeclOverride>F</autoDeclOverride><wordRuleOverride>F</wordRuleOverride></word><word><wordId>82</wordId><localWord>ambassador</localWord><conWord>sebé</conWord><wordType>II, III noun</wordType><pronunciation/><wordGender>feminine</wordGender><definition>ambassador, class II noun</definition><wordProcOverride>F</wordProcOverride><autoDeclOverride>F</autoDeclOverride><wordRuleOverride>F</wordRuleOverride></word><word><wordId>66</wordId><localWord>king</localWord><conWord>sélán</conWord><wordType>I,V noun</wordType><pronunciation>s e l æ n </pronunciation><wordGender>masculine</wordGender><definition>king, class 1 noun, sometimes used as a catch-all for a penultimate ruler that does not have another unique title</definition><wordProcOverride>F</wordProcOverride><autoDeclOverride>F</autoDeclOverride><wordRuleOverride>F</wordRuleOverride></word><word><wordId>4</wordId><localWord>we</localWord><conWord>séle</conWord><wordType>pronoun</wordType><pronunciation>s e l ɛ </pronunciation><wordGender>none</wordGender><definition>we: subject, first-person, plural</definition><wordProcOverride>F</wordProcOverride><autoDeclOverride>F</autoDeclOverride><wordRuleOverride>F</wordRuleOverride></word><word><wordId>5</wordId><localWord>us</localWord><conWord>séleđ</conWord><wordType>pronoun</wordType><pronunciation>s e l ɛ θ </pronunciation><wordGender>none</wordGender><definition>us: object, first-person, plural</definition><wordProcOverride>F</wordProcOverride><autoDeclOverride>F</autoDeclOverride><wordRuleOverride>F</wordRuleOverride></word><word><wordId>70</wordId><localWord>kingdom</localWord><conWord>sélüngál</conWord><wordType>I,V noun</wordType><pronunciation>s e l u n g æ l </pronunciation><wordGender>masculine</wordGender><definition>kingdom, class 1 noun</definition><wordProcOverride>F</wordProcOverride><autoDeclOverride>F</autoDeclOverride><wordRuleOverride>F</wordRuleOverride></word><word><wordId>10</wordId><localWord>she</localWord><conWord>sül</conWord><wordType>pronoun</wordType><pronunciation>s u l </pronunciation><wordGender>feminine</wordGender><definition>she: subject, third-person, singular</definition><wordProcOverride>F</wordProcOverride><autoDeclOverride>F</autoDeclOverride><wordRuleOverride>F</wordRuleOverride></word><word><wordId>15</wordId><localWord>they them</localWord><conWord>süleđ</conWord><wordType>pronoun</wordType><pronunciation>s u l ɛ θ </pronunciation><wordGender>none</wordGender><definition>they: subject, third-person, plural
them: object, third-person, plural</definition><wordProcOverride>F</wordProcOverride><autoDeclOverride>F</autoDeclOverride><wordRuleOverride>F</wordRuleOverride></word><word><wordId>11</wordId><localWord>her</localWord><conWord>sülen</conWord><wordType>pronoun</wordType><pronunciation>s u l ɛ n </pronunciation><wordGender>feminine</wordGender><definition>her: object, third-person, singular</definition><wordProcOverride>F</wordProcOverride><autoDeclOverride>F</autoDeclOverride><wordRuleOverride>F</wordRuleOverride></word><word><wordId>12</wordId><localWord>it</localWord><conWord>ul</conWord><wordType>pronoun</wordType><pronunciation>ʊ l </pronunciation><wordGender>neutral</wordGender><definition>it: subject, third-person, singular</definition><wordProcOverride>F</wordProcOverride><autoDeclOverride>F</autoDeclOverride><wordRuleOverride>F</wordRuleOverride></word><word><wordId>13</wordId><localWord>it</localWord><conWord>ulen</conWord><wordType>pronoun</wordType><pronunciation>ʊ l ɛ n </pronunciation><wordGender>neutral</wordGender><definition>it: object, third-person, singular</definition><wordProcOverride>F</wordProcOverride><autoDeclOverride>F</autoDeclOverride><wordRuleOverride>F</wordRuleOverride></word><word><wordId>27</wordId><localWord>its</localWord><conWord>ulmi</conWord><wordType>pronoun</wordType><pronunciation>ʊ l m i </pronunciation><wordGender>neutral</wordGender><definition>its: object, third-person, singular</definition><wordProcOverride>F</wordProcOverride><autoDeclOverride>F</autoDeclOverride><wordRuleOverride>F</wordRuleOverride></word><word><wordId>28</wordId><localWord>its</localWord><conWord>ulmo</conWord><wordType>pronoun</wordType><pronunciation>ʊ l m o </pronunciation><wordGender>neutral</wordGender><definition>its: adjective, third-person, singular</definition><wordProcOverride>F</wordProcOverride><autoDeclOverride>F</autoDeclOverride><wordRuleOverride>F</wordRuleOverride></word><word><wordId>63</wordId><localWord>truth</localWord><conWord>viřesh</conWord><wordType>I,V noun</wordType><pronunciation>v i ɾ ɛ s h </pronunciation><wordGender>neutral</wordGender><definition>truth, class 1 noun, a truthful statement</definition><wordProcOverride>F</wordProcOverride><autoDeclOverride>F</autoDeclOverride><wordRuleOverride>F</wordRuleOverride></word><word><wordId>45</wordId><localWord>sometime</localWord><conWord>wisü</conWord><wordType>pronoun</wordType><pronunciation>w i s u </pronunciation><wordGender>neutral</wordGender><definition>sometime: time, variable quantifier</definition><wordProcOverride>F</wordProcOverride><autoDeclOverride>F</autoDeclOverride><wordRuleOverride>F</wordRuleOverride></word><word><wordId>46</wordId><localWord>somehow</localWord><conWord>wosü</conWord><wordType>pronoun</wordType><pronunciation>w o s u </pronunciation><wordGender>neutral</wordGender><definition>somehow: way, variable quantifier</definition><wordProcOverride>F</wordProcOverride><autoDeclOverride>F</autoDeclOverride><wordRuleOverride>F</wordRuleOverride></word><word><wordId>44</wordId><localWord>somewhere</localWord><conWord>wusü</conWord><wordType>pronoun</wordType><pronunciation>w ʊ s u </pronunciation><wordGender>neutral</wordGender><definition>somewhere: place, variable quantifier</definition><wordProcOverride>F</wordProcOverride><autoDeclOverride>F</autoDeclOverride><wordRuleOverride>F</wordRuleOverride></word><declensionNode><declensionId>7</declensionId><declensionText>Case</declensionText><declensionNotes/><declensionTemplate>1</declensionTemplate><declensionRelatedId>3</declensionRelatedId><declensionMandatory>F</declensionMandatory><dimensionNode><dimensionId>2</dimensionId><dimensionName>nominative</dimensionName><dimensionMand>F</dimensionMand></dimensionNode><dimensionNode><dimensionId>3</dimensionId><dimensionName>accusative</dimensionName><dimensionMand>F</dimensionMand></dimensionNode><dimensionNode><dimensionId>4</dimensionId><dimensionName>dative</dimensionName><dimensionMand>F</dimensionMand></dimensionNode><dimensionNode><dimensionId>5</dimensionId><dimensionName>genitive</dimensionName><dimensionMand>F</dimensionMand></dimensionNode><dimensionNode><dimensionId>6</dimensionId><dimensionName>personative</dimensionName><dimensionMand>F</dimensionMand></dimensionNode></declensionNode><declensionNode><declensionId>8</declensionId><declensionText>Plurality</declensionText><declensionNotes/><declensionTemplate>1</declensionTemplate><declensionRelatedId>3</declensionRelatedId><declensionMandatory>F</declensionMandatory><dimensionNode><dimensionId>2</dimensionId><dimensionName>singular</dimensionName><dimensionMand>F</dimensionMand></dimensionNode><dimensionNode><dimensionId>3</dimensionId><dimensionName>plural</dimensionName><dimensionMand>F</dimensionMand></dimensionNode></declensionNode><declensionNode><declensionId>174</declensionId><declensionText>Gender</declensionText><declensionNotes/><declensionTemplate>1</declensionTemplate><declensionRelatedId>4</declensionRelatedId><declensionMandatory>F</declensionMandatory><dimensionNode><dimensionId>2</dimensionId><dimensionName>masculine</dimensionName><dimensionMand>F</dimensionMand></dimensionNode><dimensionNode><dimensionId>3</dimensionId><dimensionName>feminine</dimensionName><dimensionMand>F</dimensionMand></dimensionNode></declensionNode><declensionNode><declensionId>175</declensionId><declensionText>Case</declensionText><declensionNotes/><declensionTemplate>1</declensionTemplate><declensionRelatedId>4</declensionRelatedId><declensionMandatory>F</declensionMandatory><dimensionNode><dimensionId>2</dimensionId><dimensionName>nominative</dimensionName><dimensionMand>F</dimensionMand></dimensionNode><dimensionNode><dimensionId>3</dimensionId><dimensionName>accusative</dimensionName><dimensionMand>F</dimensionMand></dimensionNode><dimensionNode><dimensionId>4</dimensionId><dimensionName>dative</dimensionName><dimensionMand>F</dimensionMand></dimensionNode><dimensionNode><dimensionId>5</dimensionId><dimensionName>genitive</dimensionName><dimensionMand>F</dimensionMand></dimensionNode><dimensionNode><dimensionId>6</dimensionId><dimensionName>personative</dimensionName><dimensionMand>F</dimensionMand></dimensionNode></declensionNode><declensionNode><declensionId>176</declensionId><declensionText>plurality</declensionText><declensionNotes/><declensionTemplate>1</declensionTemplate><declensionRelatedId>4</declensionRelatedId><declensionMandatory>F</declensionMandatory><dimensionNode><dimensionId>2</dimensionId><dimensionName>singular</dimensionName><dimensionMand>F</dimensionMand></dimensionNode><dimensionNode><dimensionId>3</dimensionId><dimensionName>plural</dimensionName><dimensionMand>F</dimensionMand></dimensionNode></declensionNode><declensionNode><declensionId>148</declensionId><declensionText>qánintođaqánintođaqánintođaqánintođaqánintoamqánintođaqánintođaqánintođaqánintoamqánintođaqánintođaqánintoamqánintođaqánintoamqánintüeđqánin</declensionText><declensionNotes>nominative pluralnominative pluralnominative pluralnominative pluralaccusative singularnominative pluralnominative pluralnominative pluralaccusative singularnominative pluralnominative pluralaccusativ</declensionNotes><declensionRelatedId>64</declensionRelatedId><combinedDimId>DDDD,2,3,</combinedDimId><declensionTemplate>0</declensionTemplate></declensionNode><declensionNode><declensionId>149</declensionId><declensionText>qánintođaqánintođaqánintođaqánintođaqánintoamqánintođaqánintođaqánintođaqánintoamqánintođaqánintođaqánintoamqánintođaqánintoamqánintüeđqánin</declensionText><declensionNotes>nominative pluralnominative pluralnominative pluralnominative pluralaccusative singularnominative pluralnominative pluralnominative pluralaccusative singularnominative pluralnominative pluralaccusativ</declensionNotes><declensionRelatedId>64</declensionRelatedId><combinedDimId>DDDD,3,2,</combinedDimId><declensionTemplate>0</declensionTemplate></declensionNode><declensionNode><declensionId>150</declensionId><declensionText>qánintođaqánintođaqánintođaqánintođaqánintoamqánintođaqánintođaqánintođaqánintoamqánintođaqánintođaqánintoamqánintođaqánintoamqánintüeđqánin</declensionText><declensionNotes>nominative pluralnominative pluralnominative pluralnominative pluralaccusative singularnominative pluralnominative pluralnominative pluralaccusative singularnominative pluralnominative pluralaccusativ</declensionNotes><declensionRelatedId>64</declensionRelatedId><combinedDimId>DDDD,4,3,</combinedDimId><declensionTemplate>0</declensionTemplate></declensionNode><declensionNode><declensionId>151</declensionId><declensionText>qánintođaqánintođaqánintođaqánintođaqánintoamqánintođaqánintođaqánintođaqánintoamqánintođaqánintođaqánintoamqánintođaqánintoamqánintüeđqánin</declensionText><declensionNotes>nominative pluralnominative pluralnominative pluralnominative pluralaccusative singularnominative pluralnominative pluralnominative pluralaccusative singularnominative pluralnominative pluralaccusativ</declensionNotes><declensionRelatedId>64</declensionRelatedId><combinedDimId>DDDD,4,2,</combinedDimId><declensionTemplate>0</declensionTemplate></declensionNode><declensionNode><declensionId>152</declensionId><declensionText>qánintođaqánintođaqánintođaqánintođaqánintoamqánintođaqánintođaqánintođaqánintoamqánintođaqánintođaqánintoamqánintođaqánintoamqánintüeđqánin</declensionText><declensionNotes>nominative pluralnominative pluralnominative pluralnominative pluralaccusative singularnominative pluralnominative pluralnominative pluralaccusative singularnominative pluralnominative pluralaccusativ</declensionNotes><declensionRelatedId>64</declensionRelatedId><combinedDimId>DDDD,3,3,</combinedDimId><declensionTemplate>0</declensionTemplate></declensionNode><declensionNode><declensionId>153</declensionId><declensionText>qánintođaqánintođaqánintođaqánintođaqánintoamqánintođaqánintođaqánintođaqánintoamqánintođaqánintođaqánintoamqánintođaqánintoamqánintüeđqánin</declensionText><declensionNotes>nominative pluralnominative pluralnominative pluralnominative pluralaccusative singularnominative pluralnominative pluralnominative pluralaccusative singularnominative pluralnominative pluralaccusativ</declensionNotes><declensionRelatedId>64</declensionRelatedId><combinedDimId>DDDD,2,2,</combinedDimId><declensionTemplate>0</declensionTemplate></declensionNode><declensionNode><declensionId>3</declensionId><declensionText>qánintođaqánintođaqánintođaqánintođaqánintoamqánintođaqánintođaqánintođaqánintoamqánintođaqánintođaqánintoamqánintođaqánintoamqánintüeđqánin</declensionText><declensionNotes>nominative pluralnominative pluralnominative pluralnominative pluralaccusative singularnominative pluralnominative pluralnominative pluralaccusative singularnominative pluralnominative pluralaccusativ</declensionNotes><declensionRelatedId>2</declensionRelatedId><combinedDimId>DDDDDDDDDDDDDDDD,2,</combinedDimId><declensionTemplate>0</declensionTemplate></declensionNode><declensionNode><declensionId>154</declensionId><declensionText>qánintođaqánintođaqánintođaqánintođaqánintoamqánintođaqánintođaqánintođaqánintoamqánintođaqánintođaqánintoamqánintođaqánintoamqánintüeđqánin</declensionText><declensionNotes>nominative pluralnominative pluralnominative pluralnominative pluralaccusative singularnominative pluralnominative pluralnominative pluralaccusative singularnominative pluralnominative pluralaccusativ</declensionNotes><declensionRelatedId>66</declensionRelatedId><combinedDimId>DDDD,2,3,</combinedDimId><declensionTemplate>0</declensionTemplate></declensionNode><declensionNode><declensionId>155</declensionId><declensionText>qánintođaqánintođaqánintođaqánintođaqánintoamqánintođaqánintođaqánintođaqánintoamqánintođaqánintođaqánintoamqánintođaqánintoamqánintüeđqánin</declensionText><declensionNotes>nominative pluralnominative pluralnominative pluralnominative pluralaccusative singularnominative pluralnominative pluralnominative pluralaccusative singularnominative pluralnominative pluralaccusativ</declensionNotes><declensionRelatedId>66</declensionRelatedId><combinedDimId>DDDD,3,2,</combinedDimId><declensionTemplate>0</declensionTemplate></declensionNode><declensionNode><declensionId>156</declensionId><declensionText>qánintođaqánintođaqánintođaqánintođaqánintoamqánintođaqánintođaqánintođaqánintoamqánintođaqánintođaqánintoamqánintođaqánintoamqánintüeđqánin</declensionText><declensionNotes>nominative pluralnominative pluralnominative pluralnominative pluralaccusative singularnominative pluralnominative pluralnominative pluralaccusative singularnominative pluralnominative pluralaccusativ</declensionNotes><declensionRelatedId>66</declensionRelatedId><combinedDimId>DDDD,4,3,</combinedDimId><declensionTemplate>0</declensionTemplate></declensionNode><declensionNode><declensionId>157</declensionId><declensionText>qánintođaqánintođaqánintođaqánintođaqánintoamqánintođaqánintođaqánintođaqánintoamqánintođaqánintođaqánintoamqánintođaqánintoamqánintüeđqánin</declensionText><declensionNotes>nominative pluralnominative pluralnominative pluralnominative pluralaccusative singularnominative pluralnominative pluralnominative pluralaccusative singularnominative pluralnominative pluralaccusativ</declensionNotes><declensionRelatedId>66</declensionRelatedId><combinedDimId>DDDD,4,2,</combinedDimId><declensionTemplate>0</declensionTemplate></declensionNode><declensionNode><declensionId>158</declensionId><declensionText>qánintođaqánintođaqánintođaqánintođaqánintoamqánintođaqánintođaqánintođaqánintoamqánintođaqánintođaqánintoamqánintođaqánintoamqánintüeđqánin</declensionText><declensionNotes>nominative pluralnominative pluralnominative pluralnominative pluralaccusative singularnominative pluralnominative pluralnominative pluralaccusative singularnominative pluralnominative pluralaccusativ</declensionNotes><declensionRelatedId>66</declensionRelatedId><combinedDimId>DDDD,3,3,</combinedDimId><declensionTemplate>0</declensionTemplate></declensionNode><declensionNode><declensionId>159</declensionId><declensionText>qánintođaqánintođaqánintođaqánintođaqánintoamqánintođaqánintođaqánintođaqánintoamqánintođaqánintođaqánintoamqánintođaqánintoamqánintüeđqánin</declensionText><declensionNotes>nominative pluralnominative pluralnominative pluralnominative pluralaccusative singularnominative pluralnominative pluralnominative pluralaccusative singularnominative pluralnominative pluralaccusativ</declensionNotes><declensionRelatedId>66</declensionRelatedId><combinedDimId>DDDD,2,2,</combinedDimId><declensionTemplate>0</declensionTemplate></declensionNode><declensionNode><declensionId>131</declensionId><declensionText>qánintođaqánintođaqánintođaqánintođaqánintoamqánintođaqánintođaqánintođaqánintoamqánintođaqánintođaqánintoamqánintođaqánintoamqánintüeđqánin</declensionText><declensionNotes>nominative pluralnominative pluralnominative pluralnominative pluralaccusative singularnominative pluralnominative pluralnominative pluralaccusative singularnominative pluralnominative pluralaccusativ</declensionNotes><declensionRelatedId>67</declensionRelatedId><combinedDimId>DDDD,2,3,</combinedDimId><declensionTemplate>0</declensionTemplate></declensionNode><declensionNode><declensionId>132</declensionId><declensionText>qánintođaqánintođaqánintođaqánintođaqánintoamqánintođaqánintođaqánintođaqánintoamqánintođaqánintođaqánintoamqánintođaqánintoamqánintüeđqánin</declensionText><declensionNotes>nominative pluralnominative pluralnominative pluralnominative pluralaccusative singularnominative pluralnominative pluralnominative pluralaccusative singularnominative pluralnominative pluralaccusativ</declensionNotes><declensionRelatedId>67</declensionRelatedId><combinedDimId>DDDD,3,2,</combinedDimId><declensionTemplate>0</declensionTemplate></declensionNode><declensionNode><declensionId>133</declensionId><declensionText>qánintođaqánintođaqánintođaqánintođaqánintoamqánintođaqánintođaqánintođaqánintoamqánintođaqánintođaqánintoamqánintođaqánintoamqánintüeđqánin</declensionText><declensionNotes>nominative pluralnominative pluralnominative pluralnominative pluralaccusative singularnominative pluralnominative pluralnominative pluralaccusative singularnominative pluralnominative pluralaccusativ</declensionNotes><declensionRelatedId>67</declensionRelatedId><combinedDimId>DDDD,4,2,</combinedDimId><declensionTemplate>0</declensionTemplate></declensionNode><declensionNode><declensionId>134</declensionId><declensionText>qánintođaqánintođaqánintođaqánintođaqánintoamqánintođaqánintođaqánintođaqánintoamqánintođaqánintođaqánintoamqánintođaqánintoamqánintüeđqánin</declensionText><declensionNotes>nominative pluralnominative pluralnominative pluralnominative pluralaccusative singularnominative pluralnominative pluralnominative pluralaccusative singularnominative pluralnominative pluralaccusativ</declensionNotes><declensionRelatedId>67</declensionRelatedId><combinedDimId>DDDD,3,3,</combinedDimId><declensionTemplate>0</declensionTemplate></declensionNode><declensionNode><declensionId>135</declensionId><declensionText>qánintođaqánintođaqánintođaqánintođaqánintoamqánintođaqánintođaqánintođaqánintoamqánintođaqánintođaqánintoamqánintođaqánintoamqánintüeđqánin</declensionText><declensionNotes>nominative pluralnominative pluralnominative pluralnominative pluralaccusative singularnominative pluralnominative pluralnominative pluralaccusative singularnominative pluralnominative pluralaccusativ</declensionNotes><declensionRelatedId>67</declensionRelatedId><combinedDimId>DDDD,2,2,</combinedDimId><declensionTemplate>0</declensionTemplate></declensionNode><declensionNode><declensionId>107</declensionId><declensionText>qánintođa</declensionText><declensionNotes>nominative plural</declensionNotes><declensionRelatedId>68</declensionRelatedId><combinedDimId>DDDD,2,3,</combinedDimId><declensionTemplate>0</declensionTemplate></declensionNode><declensionNode><declensionId>108</declensionId><declensionText>qánintođaqánintođaqánintođaqánintođaqánintoam</declensionText><declensionNotes>nominative pluralnominative pluralnominative pluralnominative pluralaccusative singular</declensionNotes><declensionRelatedId>68</declensionRelatedId><combinedDimId>DDDD,3,2,</combinedDimId><declensionTemplate>0</declensionTemplate></declensionNode><declensionNode><declensionId>109</declensionId><declensionText>qánintođaqánintođaqánintođaqánintođaqánintoamqánintođaqánintođaqánintođaqánintoamqánintođaqánintođaqánintoamqánintođaqánintoamqánintüeđ</declensionText><declensionNotes>nominative pluralnominative pluralnominative pluralnominative pluralaccusative singularnominative pluralnominative pluralnominative pluralaccusative singularnominative pluralnominative pluralaccusativ</declensionNotes><declensionRelatedId>68</declensionRelatedId><combinedDimId>DDDD,4,3,</combinedDimId><declensionTemplate>0</declensionTemplate></declensionNode><declensionNode><declensionId>110</declensionId><declensionText>qánintođaqánintođaqánintođaqánintođaqánintoamqánintođaqánintođaqánintođaqánintoamqánintođaqánintođaqánintoamqánintođaqánintoamqánintüeđqánin</declensionText><declensionNotes>nominative pluralnominative pluralnominative pluralnominative pluralaccusative singularnominative pluralnominative pluralnominative pluralaccusative singularnominative pluralnominative pluralaccusativ</declensionNotes><declensionRelatedId>68</declensionRelatedId><combinedDimId>DDDD,4,2,</combinedDimId><declensionTemplate>0</declensionTemplate></declensionNode><declensionNode><declensionId>111</declensionId><declensionText>qánintođaqánintođaqánintođaqánintođaqánintoamqánintođaqánintođaqánintođaqánintoamqánintođaqánintođaqánintoamqánintođaqánintoamqánintüeđqánin</declensionText><declensionNotes>nominative pluralnominative pluralnominative pluralnominative pluralaccusative singularnominative pluralnominative pluralnominative pluralaccusative singularnominative pluralnominative pluralaccusativ</declensionNotes><declensionRelatedId>68</declensionRelatedId><combinedDimId>DDDD,3,3,</combinedDimId><declensionTemplate>0</declensionTemplate></declensionNode><declensionNode><declensionId>112</declensionId><declensionText>qánintođaqánintođaqánintođaqánintođaqánintoamqánintođaqánintođaqánintođaqánintoamqánintođaqánintođaqánintoamqánintođaqánintoamqánintüeđqánin</declensionText><declensionNotes>nominative pluralnominative pluralnominative pluralnominative pluralaccusative singularnominative pluralnominative pluralnominative pluralaccusative singularnominative pluralnominative pluralaccusativ</declensionNotes><declensionRelatedId>68</declensionRelatedId><combinedDimId>DDDD,2,2,</combinedDimId><declensionTemplate>0</declensionTemplate></declensionNode><declensionNode><declensionId>113</declensionId><declensionText>qánintođaqánintođaqánintođaqánintođaqánintoamqánintođaqánintođaqánintođaqánintoamqánintođaqánintođaqánintoamqánintođaqánintoamqánintüeđqánin</declensionText><declensionNotes>nominative pluralnominative pluralnominative pluralnominative pluralaccusative singularnominative pluralnominative pluralnominative pluralaccusative singularnominative pluralnominative pluralaccusativ</declensionNotes><declensionRelatedId>69</declensionRelatedId><combinedDimId>DDDD,2,3,</combinedDimId><declensionTemplate>0</declensionTemplate></declensionNode><declensionNode><declensionId>114</declensionId><declensionText>qánintođaqánintođaqánintođaqánintođaqánintoamqánintođaqánintođaqánintođaqánintoamqánintođaqánintođaqánintoamqánintođaqánintoamqánintüeđqánin</declensionText><declensionNotes>nominative pluralnominative pluralnominative pluralnominative pluralaccusative singularnominative pluralnominative pluralnominative pluralaccusative singularnominative pluralnominative pluralaccusativ</declensionNotes><declensionRelatedId>69</declensionRelatedId><combinedDimId>DDDD,3,2,</combinedDimId><declensionTemplate>0</declensionTemplate></declensionNode><declensionNode><declensionId>115</declensionId><declensionText>qánintođaqánintođaqánintođaqánintođaqánintoamqánintođaqánintođaqánintođaqánintoamqánintođaqánintođaqánintoamqánintođaqánintoamqánintüeđqánin</declensionText><declensionNotes>nominative pluralnominative pluralnominative pluralnominative pluralaccusative singularnominative pluralnominative pluralnominative pluralaccusative singularnominative pluralnominative pluralaccusativ</declensionNotes><declensionRelatedId>69</declensionRelatedId><combinedDimId>DDDD,4,3,</combinedDimId><declensionTemplate>0</declensionTemplate></declensionNode><declensionNode><declensionId>116</declensionId><declensionText>qánintođaqánintođaqánintođaqánintođaqánintoamqánintođaqánintođaqánintođaqánintoamqánintođaqánintođaqánintoamqánintođaqánintoamqánintüeđqánin</declensionText><declensionNotes>nominative pluralnominative pluralnominative pluralnominative pluralaccusative singularnominative pluralnominative pluralnominative pluralaccusative singularnominative pluralnominative pluralaccusativ</declensionNotes><declensionRelatedId>69</declensionRelatedId><combinedDimId>DDDD,4,2,</combinedDimId><declensionTemplate>0</declensionTemplate></declensionNode><declensionNode><declensionId>117</declensionId><declensionText>qánintođaqánintođaqánintođaqánintođaqánintoamqánintođaqánintođaqánintođaqánintoamqánintođaqánintođaqánintoamqánintođaqánintoamqánintüeđqánin</declensionText><declensionNotes>nominative pluralnominative pluralnominative pluralnominative pluralaccusative singularnominative pluralnominative pluralnominative pluralaccusative singularnominative pluralnominative pluralaccusativ</declensionNotes><declensionRelatedId>69</declensionRelatedId><combinedDimId>DDDD,3,3,</combinedDimId><declensionTemplate>0</declensionTemplate></declensionNode><declensionNode><declensionId>118</declensionId><declensionText>qánintođaqánintođaqánintođaqánintođaqánintoamqánintođaqánintođaqánintođaqánintoamqánintođaqánintođaqánintoamqánintođaqánintoamqánintüeđqánin</declensionText><declensionNotes>nominative pluralnominative pluralnominative pluralnominative pluralaccusative singularnominative pluralnominative pluralnominative pluralaccusative singularnominative pluralnominative pluralaccusativ</declensionNotes><declensionRelatedId>69</declensionRelatedId><combinedDimId>DDDD,2,2,</combinedDimId><declensionTemplate>0</declensionTemplate></declensionNode><declensionNode><declensionId>160</declensionId><declensionText>qánintođaqánintođaqánintođaqánintođaqánintoamqánintođaqánintođaqánintođaqánintoamqánintođaqánintođaqánintoamqánintođaqánintoamqánintüeđqánin</declensionText><declensionNotes>nominative pluralnominative pluralnominative pluralnominative pluralaccusative singularnominative pluralnominative pluralnominative pluralaccusative singularnominative pluralnominative pluralaccusativ</declensionNotes><declensionRelatedId>70</declensionRelatedId><combinedDimId>DDDD,2,3,</combinedDimId><declensionTemplate>0</declensionTemplate></declensionNode><declensionNode><declensionId>161</declensionId><declensionText>qánintođaqánintođaqánintođaqánintođaqánintoamqánintođaqánintođaqánintođaqánintoamqánintođaqánintođaqánintoamqánintođaqánintoamqánintüeđqánin</declensionText><declensionNotes>nominative pluralnominative pluralnominative pluralnominative pluralaccusative singularnominative pluralnominative pluralnominative pluralaccusative singularnominative pluralnominative pluralaccusativ</declensionNotes><declensionRelatedId>70</declensionRelatedId><combinedDimId>DDDD,3,2,</combinedDimId><declensionTemplate>0</declensionTemplate></declensionNode><declensionNode><declensionId>162</declensionId><declensionText>qánintođaqánintođaqánintođaqánintođaqánintoamqánintođaqánintođaqánintođaqánintoamqánintođaqánintođaqánintoamqánintođaqánintoamqánintüeđqánin</declensionText><declensionNotes>nominative pluralnominative pluralnominative pluralnominative pluralaccusative singularnominative pluralnominative pluralnominative pluralaccusative singularnominative pluralnominative pluralaccusativ</declensionNotes><declensionRelatedId>70</declensionRelatedId><combinedDimId>DDDD,4,3,</combinedDimId><declensionTemplate>0</declensionTemplate></declensionNode><declensionNode><declensionId>163</declensionId><declensionText>qánintođaqánintođaqánintođaqánintođaqánintoamqánintođaqánintođaqánintođaqánintoamqánintođaqánintođaqánintoamqánintođaqánintoamqánintüeđqánin</declensionText><declensionNotes>nominative pluralnominative pluralnominative pluralnominative pluralaccusative singularnominative pluralnominative pluralnominative pluralaccusative singularnominative pluralnominative pluralaccusativ</declensionNotes><declensionRelatedId>70</declensionRelatedId><combinedDimId>DDDD,4,2,</combinedDimId><declensionTemplate>0</declensionTemplate></declensionNode><declensionNode><declensionId>164</declensionId><declensionText>qánintođaqánintođaqánintođaqánintođaqánintoamqánintođaqánintođaqánintođaqánintoamqánintođaqánintođaqánintoamqánintođaqánintoamqánintüeđqánin</declensionText><declensionNotes>nominative pluralnominative pluralnominative pluralnominative pluralaccusative singularnominative pluralnominative pluralnominative pluralaccusative singularnominative pluralnominative pluralaccusativ</declensionNotes><declensionRelatedId>70</declensionRelatedId><combinedDimId>DDDD,3,3,</combinedDimId><declensionTemplate>0</declensionTemplate></declensionNode><declensionNode><declensionId>165</declensionId><declensionText>qánintođaqánintođaqánintođaqánintođaqánintoamqánintođaqánintođaqánintođaqánintoamqánintođaqánintođaqánintoamqánintođaqánintoamqánintüeđqánin</declensionText><declensionNotes>nominative pluralnominative pluralnominative pluralnominative pluralaccusative singularnominative pluralnominative pluralnominative pluralaccusative singularnominative pluralnominative pluralaccusativ</declensionNotes><declensionRelatedId>70</declensionRelatedId><combinedDimId>DDDD,2,2,</combinedDimId><declensionTemplate>0</declensionTemplate></declensionNode><declensionNode><declensionId>166</declensionId><declensionText>qánintođaqánintođaqánintođaqánintođaqánintoamqánintođaqánintođaqánintođaqánintoamqánintođaqánintođaqánintoamqánintođaqánintoamqánintüeđqánin</declensionText><declensionNotes>nominative pluralnominative pluralnominative pluralnominative pluralaccusative singularnominative pluralnominative pluralnominative pluralaccusative singularnominative pluralnominative pluralaccusativ</declensionNotes><declensionRelatedId>74</declensionRelatedId><combinedDimId>DDDD,5,3,</combinedDimId><declensionTemplate>0</declensionTemplate></declensionNode><declensionNode><declensionId>167</declensionId><declensionText>qánintođaqánintođaqánintođaqánintođaqánintoamqánintođaqánintođaqánintođaqánintoamqánintođaqánintođaqánintoamqánintođaqánintoamqánintüeđqánin</declensionText><declensionNotes>nominative pluralnominative pluralnominative pluralnominative pluralaccusative singularnominative pluralnominative pluralnominative pluralaccusative singularnominative pluralnominative pluralaccusativ</declensionNotes><declensionRelatedId>74</declensionRelatedId><combinedDimId>DDDD,2,3,</combinedDimId><declensionTemplate>0</declensionTemplate></declensionNode><declensionNode><declensionId>168</declensionId><declensionText>qánintođaqánintođaqánintođaqánintođaqánintoamqánintođaqánintođaqánintođaqánintoamqánintođaqánintođaqánintoamqánintođaqánintoamqánintüeđqánin</declensionText><declensionNotes>nominative pluralnominative pluralnominative pluralnominative pluralaccusative singularnominative pluralnominative pluralnominative pluralaccusative singularnominative pluralnominative pluralaccusativ</declensionNotes><declensionRelatedId>74</declensionRelatedId><combinedDimId>DDDD,5,2,</combinedDimId><declensionTemplate>0</declensionTemplate></declensionNode><declensionNode><declensionId>169</declensionId><declensionText>qánintođaqánintođaqánintođaqánintođaqánintoamqánintođaqánintođaqánintođaqánintoamqánintođaqánintođaqánintoamqánintođaqánintoamqánintüeđqánin</declensionText><declensionNotes>nominative pluralnominative pluralnominative pluralnominative pluralaccusative singularnominative pluralnominative pluralnominative pluralaccusative singularnominative pluralnominative pluralaccusativ</declensionNotes><declensionRelatedId>74</declensionRelatedId><combinedDimId>DDDD,3,2,</combinedDimId><declensionTemplate>0</declensionTemplate></declensionNode><declensionNode><declensionId>170</declensionId><declensionText>qánintođaqánintođaqánintođaqánintođaqánintoamqánintođaqánintođaqánintođaqánintoamqánintođaqánintođaqánintoamqánintođaqánintoamqánintüeđqánin</declensionText><declensionNotes>nominative pluralnominative pluralnominative pluralnominative pluralaccusative singularnominative pluralnominative pluralnominative pluralaccusative singularnominative pluralnominative pluralaccusativ</declensionNotes><declensionRelatedId>74</declensionRelatedId><combinedDimId>DDDD,4,3,</combinedDimId><declensionTemplate>0</declensionTemplate></declensionNode><declensionNode><declensionId>171</declensionId><declensionText>qánintođaqánintođaqánintođaqánintođaqánintoamqánintođaqánintođaqánintođaqánintoamqánintođaqánintođaqánintoamqánintođaqánintoamqánintüeđqánin</declensionText><declensionNotes>nominative pluralnominative pluralnominative pluralnominative pluralaccusative singularnominative pluralnominative pluralnominative pluralaccusative singularnominative pluralnominative pluralaccusativ</declensionNotes><declensionRelatedId>74</declensionRelatedId><combinedDimId>DDDD,4,2,</combinedDimId><declensionTemplate>0</declensionTemplate></declensionNode><declensionNode><declensionId>172</declensionId><declensionText>qánintođaqánintođaqánintođaqánintođaqánintoamqánintođaqánintođaqánintođaqánintoamqánintođaqánintođaqánintoamqánintođaqánintoamqánintüeđqánin</declensionText><declensionNotes>nominative pluralnominative pluralnominative pluralnominative pluralaccusative singularnominative pluralnominative pluralnominative pluralaccusative singularnominative pluralnominative pluralaccusativ</declensionNotes><declensionRelatedId>74</declensionRelatedId><combinedDimId>DDDD,3,3,</combinedDimId><declensionTemplate>0</declensionTemplate></declensionNode><declensionNode><declensionId>173</declensionId><declensionText>qánintođaqánintođaqánintođaqánintođaqánintoamqánintođaqánintođaqánintođaqánintoamqánintođaqánintođaqánintoamqánintođaqánintoamqánintüeđqánin</declensionText><declensionNotes>nominative pluralnominative pluralnominative pluralnominative pluralaccusative singularnominative pluralnominative pluralnominative pluralaccusative singularnominative pluralnominative pluralaccusativ</declensionNotes><declensionRelatedId>74</declensionRelatedId><combinedDimId>DDDD,2,2,</combinedDimId><declensionTemplate>0</declensionTemplate></declensionNode><declensionNode><declensionId>9</declensionId><declensionText>qánintođaqánintođaqánintođaqánintođaqánintoamqánintođaqánintođaqánintođaqánintoamqánintođaqánintođaqánintoamqánintođaqánintoamqánintüeđqánin</declensionText><declensionNotes>nominative pluralnominative pluralnominative pluralnominative pluralaccusative singularnominative pluralnominative pluralnominative pluralaccusative singularnominative pluralnominative pluralaccusativ</declensionNotes><declensionRelatedId>62</declensionRelatedId><combinedDimId>DDDD,2,3,</combinedDimId><declensionTemplate>0</declensionTemplate></declensionNode><declensionNode><declensionId>10</declensionId><declensionText>qánintođaqánintođaqánintođaqánintođaqánintoamqánintođaqánintođaqánintođaqánintoamqánintođaqánintođaqánintoamqánintođaqánintoamqánintüeđqánin</declensionText><declensionNotes>nominative pluralnominative pluralnominative pluralnominative pluralaccusative singularnominative pluralnominative pluralnominative pluralaccusative singularnominative pluralnominative pluralaccusativ</declensionNotes><declensionRelatedId>62</declensionRelatedId><combinedDimId>DDDD,2,2,</combinedDimId><declensionTemplate>0</declensionTemplate></declensionNode><declensionNode><declensionId>125</declensionId><declensionText>qánintođaqánintođaqánintođaqánintođaqánintoamqánintođaqánintođaqánintođaqánintoamqánintođaqánintođaqánintoamqánintođaqánintoamqánintüeđqánin</declensionText><declensionNotes>nominative pluralnominative pluralnominative pluralnominative pluralaccusative singularnominative pluralnominative pluralnominative pluralaccusative singularnominative pluralnominative pluralaccusativ</declensionNotes><declensionRelatedId>63</declensionRelatedId><combinedDimId>DDDD,2,3,</combinedDimId><declensionTemplate>0</declensionTemplate></declensionNode><declensionNode><declensionId>126</declensionId><declensionText>qánintođaqánintođaqánintođaqánintođaqánintoamqánintođaqánintođaqánintođaqánintoamqánintođaqánintođaqánintoamqánintođaqánintoamqánintüeđqánin</declensionText><declensionNotes>nominative pluralnominative pluralnominative pluralnominative pluralaccusative singularnominative pluralnominative pluralnominative pluralaccusative singularnominative pluralnominative pluralaccusativ</declensionNotes><declensionRelatedId>63</declensionRelatedId><combinedDimId>DDDD,3,2,</combinedDimId><declensionTemplate>0</declensionTemplate></declensionNode><declensionNode><declensionId>127</declensionId><declensionText>qánintođaqánintođaqánintođaqánintođaqánintoamqánintođaqánintođaqánintođaqánintoamqánintođaqánintođaqánintoamqánintođaqánintoamqánintüeđqánin</declensionText><declensionNotes>nominative pluralnominative pluralnominative pluralnominative pluralaccusative singularnominative pluralnominative pluralnominative pluralaccusative singularnominative pluralnominative pluralaccusativ</declensionNotes><declensionRelatedId>63</declensionRelatedId><combinedDimId>DDDD,4,3,</combinedDimId><declensionTemplate>0</declensionTemplate></declensionNode><declensionNode><declensionId>128</declensionId><declensionText>qánintođaqánintođaqánintođaqánintođaqánintoamqánintođaqánintođaqánintođaqánintoamqánintođaqánintođaqánintoamqánintođaqánintoamqánintüeđqánin</declensionText><declensionNotes>nominative pluralnominative pluralnominative pluralnominative pluralaccusative singularnominative pluralnominative pluralnominative pluralaccusative singularnominative pluralnominative pluralaccusativ</declensionNotes><declensionRelatedId>63</declensionRelatedId><combinedDimId>DDDD,4,2,</combinedDimId><declensionTemplate>0</declensionTemplate></declensionNode><declensionNode><declensionId>129</declensionId><declensionText>qánintođaqánintođaqánintođaqánintođaqánintoamqánintođaqánintođaqánintođaqánintoamqánintođaqánintođaqánintoamqánintođaqánintoamqánintüeđqánin</declensionText><declensionNotes>nominative pluralnominative pluralnominative pluralnominative pluralaccusative singularnominative pluralnominative pluralnominative pluralaccusative singularnominative pluralnominative pluralaccusativ</declensionNotes><declensionRelatedId>63</declensionRelatedId><combinedDimId>DDDD,3,3,</combinedDimId><declensionTemplate>0</declensionTemplate></declensionNode><declensionNode><declensionId>130</declensionId><declensionText>qánintođaqánintođaqánintođaqánintođaqánintoamqánintođaqánintođaqánintođaqánintoamqánintođaqánintođaqánintoamqánintođaqánintoamqánintüeđqánin</declensionText><declensionNotes>nominative pluralnominative pluralnominative pluralnominative pluralaccusative singularnominative pluralnominative pluralnominative pluralaccusative singularnominative pluralnominative pluralaccusativ</declensionNotes><declensionRelatedId>63</declensionRelatedId><combinedDimId>DDDD,2,2,</combinedDimId><declensionTemplate>0</declensionTemplate></declensionNode><decGenRule><decGenRuleComb>,2,2,</decGenRuleComb><decGenRuleName>masculine ending</decGenRuleName><decGenRuleRegex>.*[^aàáeéiïouü(sh|qh)]</decGenRuleRegex><decGenRuleTypeId>3</decGenRuleTypeId><decGenTrans><decGenTransRegex>$</decGenTransRegex><decGenTransReplace/></decGenTrans></decGenRule><decGenRule><decGenRuleComb>,2,3,</decGenRuleComb><decGenRuleName>masculine ending</decGenRuleName><decGenRuleRegex>.*[^aàáeéiïouü(sh|qh)]</decGenRuleRegex><decGenRuleTypeId>3</decGenRuleTypeId><decGenTrans><decGenTransRegex>.$</decGenTransRegex><decGenTransReplace>đ</decGenTransReplace></decGenTrans></decGenRule><decGenRule><decGenRuleComb>,2,2,</decGenRuleComb><decGenRuleName>feminine ending</decGenRuleName><decGenRuleRegex>.*[aàáeéiïo]</decGenRuleRegex><decGenRuleTypeId>3</decGenRuleTypeId><decGenTrans><decGenTransRegex>$</decGenTransRegex><decGenTransReplace/></decGenTrans></decGenRule><decGenRule><decGenRuleComb>,2,3,</decGenRuleComb><decGenRuleName>feminine ending</decGenRuleName><decGenRuleRegex>.*[aàáeéiïo]</decGenRuleRegex><decGenRuleTypeId>3</decGenRuleTypeId><decGenTrans><decGenTransRegex>$</decGenTransRegex><decGenTransReplace>đa</decGenTransReplace></decGenTrans></decGenRule><decGenRule><decGenRuleComb>,2,2,</decGenRuleComb><decGenRuleName>neutral ending</decGenRuleName><decGenRuleRegex>.*(sh|qh)</decGenRuleRegex><decGenRuleTypeId>3</decGenRuleTypeId><decGenTrans><decGenTransRegex>$</decGenTransRegex><decGenTransReplace/></decGenTrans></decGenRule><decGenRule><decGenRuleComb>,2,3,</decGenRuleComb><decGenRuleName>neutral ending</decGenRuleName><decGenRuleRegex>.*(sh|qh)$</decGenRuleRegex><decGenRuleTypeId>3</decGenRuleTypeId><decGenTrans><decGenTransRegex>(sh|qh)</decGenTransRegex><decGenTransReplace>đ</decGenTransReplace></decGenTrans></decGenRule><decGenRule><decGenRuleComb>,3,2,</decGenRuleComb><decGenRuleName>masculine ending rule1</decGenRuleName><decGenRuleRegex>.*[^aàáeéiïouü(sh|qh)(mir|mïr)]</decGenRuleRegex><decGenRuleTypeId>3</decGenRuleTypeId><decGenTrans><decGenTransRegex>.$</decGenTransRegex><decGenTransReplace>m</decGenTransReplace></decGenTrans></decGenRule><decGenRule><decGenRuleComb>,3,3,</decGenRuleComb><decGenRuleName>masculine ending rule1</decGenRuleName><decGenRuleRegex>.*[^aàáeéiïouü(sh|qh)(mir|mïr)]</decGenRuleRegex><decGenRuleTypeId>3</decGenRuleTypeId><decGenTrans><decGenTransRegex>.$</decGenTransRegex><decGenTransReplace>m</decGenTransReplace></decGenTrans></decGenRule><decGenRule><decGenRuleComb>,3,2,</decGenRuleComb><decGenRuleName>masculine ending rule2</decGenRuleName><decGenRuleRegex>.*(ir|ïr|mir|mïr)</decGenRuleRegex><decGenRuleTypeId>3</decGenRuleTypeId><decGenTrans><decGenTransRegex>(mir)</decGenTransRegex><decGenTransReplace>nim</decGenTransReplace></decGenTrans><decGenTrans><decGenTransRegex>(mïr)</decGenTransRegex><decGenTransReplace>nïm</decGenTransReplace></decGenTrans><decGenTrans><decGenTransRegex>(ir)</decGenTransRegex><decGenTransReplace>im</decGenTransReplace></decGenTrans><decGenTrans><decGenTransRegex>(ïr)</decGenTransRegex><decGenTransReplace>ïm</decGenTransReplace></decGenTrans></decGenRule><decGenRule><decGenRuleComb>,3,2,</decGenRuleComb><decGenRuleName>feminine ending rule1</decGenRuleName><decGenRuleRegex>.*[éiïo]</decGenRuleRegex><decGenRuleTypeId>3</decGenRuleTypeId><decGenTrans><decGenTransRegex>$</decGenTransRegex><decGenTransReplace>am</decGenTransReplace></decGenTrans></decGenRule><decGenRule><decGenRuleComb>,3,2,</decGenRuleComb><decGenRuleName>feminine ending rule2</decGenRuleName><decGenRuleRegex>.*[aá]</decGenRuleRegex><decGenRuleTypeId>3</decGenRuleTypeId><decGenTrans><decGenTransRegex>.$</decGenTransRegex><decGenTransReplace>àm</decGenTransReplace></decGenTrans></decGenRule><decGenRule><decGenRuleComb>,3,2,</decGenRuleComb><decGenRuleName>feminine ending rule3</decGenRuleName><decGenRuleRegex>.*à</decGenRuleRegex><decGenRuleTypeId>3</decGenRuleTypeId><decGenTrans><decGenTransRegex>$</decGenTransRegex><decGenTransReplace>m</decGenTransReplace></decGenTrans></decGenRule><decGenRule><decGenRuleComb>,3,2,</decGenRuleComb><decGenRuleName>feminine ending rule4</decGenRuleName><decGenRuleRegex>.*e</decGenRuleRegex><decGenRuleTypeId>3</decGenRuleTypeId><decGenTrans><decGenTransRegex>.$</decGenTransRegex><decGenTransReplace>é</decGenTransReplace></decGenTrans><decGenTrans><decGenTransRegex>$</decGenTransRegex><decGenTransReplace>am</decGenTransReplace></decGenTrans></decGenRule><decGenRule><decGenRuleComb>,3,3,</decGenRuleComb><decGenRuleName>masculine ending rule2</decGenRuleName><decGenRuleRegex>.*(ir|ïr|mir|mïr)</decGenRuleRegex><decGenRuleTypeId>3</decGenRuleTypeId><decGenTrans><decGenTransRegex>(mir)</decGenTransRegex><decGenTransReplace>nim</decGenTransReplace></decGenTrans><decGenTrans><decGenTransRegex>(mïr)</decGenTransRegex><decGenTransReplace>nïm</decGenTransReplace></decGenTrans><decGenTrans><decGenTransRegex>(ir)</decGenTransRegex><decGenTransReplace>im</decGenTransReplace></decGenTrans><decGenTrans><decGenTransRegex>(ïr)</decGenTransRegex><decGenTransReplace>ïm</decGenTransReplace></decGenTrans></decGenRule><decGenRule><decGenRuleComb>,3,3,</decGenRuleComb><decGenRuleName>feminine ending rule1</decGenRuleName><decGenRuleRegex>.*[éiïo]</decGenRuleRegex><decGenRuleTypeId>3</decGenRuleTypeId><decGenTrans><decGenTransRegex>$</decGenTransRegex><decGenTransReplace>am</decGenTransReplace></decGenTrans></decGenRule><decGenRule><decGenRuleComb>,3,3,</decGenRuleComb><decGenRuleName>feminine ending rule2</decGenRuleName><decGenRuleRegex>.*[aá]</decGenRuleRegex><decGenRuleTypeId>3</decGenRuleTypeId><decGenTrans><decGenTransRegex>.$</decGenTransRegex><decGenTransReplace>àm</decGenTransReplace></decGenTrans></decGenRule><decGenRule><decGenRuleComb>,3,3,</decGenRuleComb><decGenRuleName>feminine ending rule3</decGenRuleName><decGenRuleRegex>.*à</decGenRuleRegex><decGenRuleTypeId>3</decGenRuleTypeId><decGenTrans><decGenTransRegex>$</decGenTransRegex><decGenTransReplace>m</decGenTransReplace></decGenTrans></decGenRule><decGenRule><decGenRuleComb>,3,3,</decGenRuleComb><decGenRuleName>feminine ending rule4</decGenRuleName><decGenRuleRegex>.*e</decGenRuleRegex><decGenRuleTypeId>3</decGenRuleTypeId><decGenTrans><decGenTransRegex>.$</decGenTransRegex><decGenTransReplace>é</decGenTransReplace></decGenTrans><decGenTrans><decGenTransRegex>$</decGenTransRegex><decGenTransReplace>am</decGenTransReplace></decGenTrans></decGenRule><decGenRule><decGenRuleComb>,3,2,</decGenRuleComb><decGenRuleName>neutral ending</decGenRuleName><decGenRuleRegex>.*(sh|qh)</decGenRuleRegex><decGenRuleTypeId>3</decGenRuleTypeId><decGenTrans><decGenTransRegex>(sh|qh)</decGenTransRegex><decGenTransReplace>m</decGenTransReplace></decGenTrans></decGenRule><decGenRule><decGenRuleComb>,3,3,</decGenRuleComb><decGenRuleName>neutral ending</decGenRuleName><decGenRuleRegex>.*(sh|qh)</decGenRuleRegex><decGenRuleTypeId>3</decGenRuleTypeId><decGenTrans><decGenTransRegex>(sh|qh)</decGenTransRegex><decGenTransReplace>m</decGenTransReplace></decGenTrans></decGenRule><decGenRule><decGenRuleComb>,3,3,</decGenRuleComb><decGenRuleName>plural ending</decGenRuleName><decGenRuleRegex>.*</decGenRuleRegex><decGenRuleTypeId>3</decGenRuleTypeId><decGenTrans><decGenTransRegex>$</decGenTransRegex><decGenTransReplace>eđ</decGenTransReplace></decGenTrans></decGenRule><decGenRule><decGenRuleComb>,4,2,</decGenRuleComb><decGenRuleName>one syllable words</decGenRuleName><decGenRuleRegex>(\b[^aàáeéiïouü]+[aàáo][^aàáeéiïouü]+\b)|(\b[aàáo][^aàáeéiïouü]+\b)|(\b[^aàáeéiïouü]+[aàáo]+\b)</decGenRuleRegex><decGenRuleTypeId>3</decGenRuleTypeId><decGenTrans><decGenTransRegex>$</decGenTransRegex><decGenTransReplace>ün</decGenTransReplace></decGenTrans></decGenRule><decGenRule><decGenRuleComb>,4,2,</decGenRuleComb><decGenRuleName>masculine ending rule1</decGenRuleName><decGenRuleRegex>.*[aàáo][^aàáeéiïouü(sh|qh)]</decGenRuleRegex><decGenRuleTypeId>3</decGenRuleTypeId><decGenTrans><decGenTransRegex>..$</decGenTransRegex><decGenTransReplace>ün</decGenTransReplace></decGenTrans></decGenRule><decGenRule><decGenRuleComb>,4,2,</decGenRuleComb><decGenRuleName>masculine ending rule2</decGenRuleName><decGenRuleRegex>.*[^aàáeouü][^aàáeéiïouü(sh|qh)]</decGenRuleRegex><decGenRuleTypeId>3</decGenRuleTypeId><decGenTrans><decGenTransRegex>.$</decGenTransRegex><decGenTransReplace>ün</decGenTransReplace></decGenTrans></decGenRule><decGenRule><decGenRuleComb>,4,2,</decGenRuleComb><decGenRuleName>masculine ending rule3</decGenRuleName><decGenRuleRegex>.*e[^aàáeéiïouü(sh|qh)]</decGenRuleRegex><decGenRuleTypeId>3</decGenRuleTypeId><decGenTrans><decGenTransRegex>..$</decGenTransRegex><decGenTransReplace>éün</decGenTransReplace></decGenTrans></decGenRule><decGenRule><decGenRuleComb>,4,2,</decGenRuleComb><decGenRuleName>feminine ending rule1</decGenRuleName><decGenRuleRegex>.*[éiï]</decGenRuleRegex><decGenRuleTypeId>3</decGenRuleTypeId><decGenTrans><decGenTransRegex>$</decGenTransRegex><decGenTransReplace>ü</decGenTransReplace></decGenTrans></decGenRule><decGenRule><decGenRuleComb>,4,2,</decGenRuleComb><decGenRuleName>feminine ending rule2</decGenRuleName><decGenRuleRegex>.*e</decGenRuleRegex><decGenRuleTypeId>3</decGenRuleTypeId><decGenTrans><decGenTransRegex>.$</decGenTransRegex><decGenTransReplace>éü</decGenTransReplace></decGenTrans></decGenRule><decGenRule><decGenRuleComb>,4,2,</decGenRuleComb><decGenRuleName>feminine ending rule3</decGenRuleName><decGenRuleRegex>.*[aàáo]</decGenRuleRegex><decGenRuleTypeId>3</decGenRuleTypeId><decGenTrans><decGenTransRegex>.$</decGenTransRegex><decGenTransReplace>ü</decGenTransReplace></decGenTrans></decGenRule><decGenRule><decGenRuleComb>,4,2,</decGenRuleComb><decGenRuleName>neutral ending rule1</decGenRuleName><decGenRuleRegex>.*e(sh|qh)</decGenRuleRegex><decGenRuleTypeId>3</decGenRuleTypeId><decGenTrans><decGenTransRegex>e(sh|qh)</decGenTransRegex><decGenTransReplace>éün</decGenTransReplace></decGenTrans></decGenRule><decGenRule><decGenRuleComb>,4,2,</decGenRuleComb><decGenRuleName>neutral ending rule2</decGenRuleName><decGenRuleRegex>.*[aàáo](sh|qh)</decGenRuleRegex><decGenRuleTypeId>3</decGenRuleTypeId><decGenTrans><decGenTransRegex>.(sh|qh)</decGenTransRegex><decGenTransReplace>ün</decGenTransReplace></decGenTrans></decGenRule><decGenRule><decGenRuleComb>,4,3,</decGenRuleComb><decGenRuleName>one syllable words</decGenRuleName><decGenRuleRegex>(\b[^aàáeéiïouü]+[aàáo][^aàáeéiïouü]+\b)|(\b[aàáo][^aàáeéiïouü]+\b)|(\b[^aàáeéiïouü]+[aàáo]+\b)</decGenRuleRegex><decGenRuleTypeId>3</decGenRuleTypeId><decGenTrans><decGenTransRegex>$</decGenTransRegex><decGenTransReplace>ün</decGenTransReplace></decGenTrans></decGenRule><decGenRule><decGenRuleComb>,4,3,</decGenRuleComb><decGenRuleName>masculine ending rule1</decGenRuleName><decGenRuleRegex>.*[aàáo][^aàáeéiïouü(sh|qh)]</decGenRuleRegex><decGenRuleTypeId>3</decGenRuleTypeId><decGenTrans><decGenTransRegex>..$</decGenTransRegex><decGenTransReplace>ün</decGenTransReplace></decGenTrans></decGenRule><decGenRule><decGenRuleComb>,4,3,</decGenRuleComb><decGenRuleName>masculine ending rule2</decGenRuleName><decGenRuleRegex>.*[^aàáeouü][^aàáeéiïouü(sh|qh)]</decGenRuleRegex><decGenRuleTypeId>3</decGenRuleTypeId><decGenTrans><decGenTransRegex>.$</decGenTransRegex><decGenTransReplace>ün</decGenTransReplace></decGenTrans></decGenRule><decGenRule><decGenRuleComb>,4,3,</decGenRuleComb><decGenRuleName>masculine ending rule3</decGenRuleName><decGenRuleRegex>.*e[^aàáeéiïouü(sh|qh)]</decGenRuleRegex><decGenRuleTypeId>3</decGenRuleTypeId><decGenTrans><decGenTransRegex>..$</decGenTransRegex><decGenTransReplace>éün</decGenTransReplace></decGenTrans></decGenRule><decGenRule><decGenRuleComb>,4,3,</decGenRuleComb><decGenRuleName>feminine ending rule1</decGenRuleName><decGenRuleRegex>.*[éiï]</decGenRuleRegex><decGenRuleTypeId>3</decGenRuleTypeId><decGenTrans><decGenTransRegex>$</decGenTransRegex><decGenTransReplace>ü</decGenTransReplace></decGenTrans></decGenRule><decGenRule><decGenRuleComb>,4,3,</decGenRuleComb><decGenRuleName>feminine ending rule2</decGenRuleName><decGenRuleRegex>.*e</decGenRuleRegex><decGenRuleTypeId>3</decGenRuleTypeId><decGenTrans><decGenTransRegex>.$</decGenTransRegex><decGenTransReplace>éü</decGenTransReplace></decGenTrans></decGenRule><decGenRule><decGenRuleComb>,4,3,</decGenRuleComb><decGenRuleName>feminine ending rule3</decGenRuleName><decGenRuleRegex>.*[aàáo]</decGenRuleRegex><decGenRuleTypeId>3</decGenRuleTypeId><decGenTrans><decGenTransRegex>.$</decGenTransRegex><decGenTransReplace>ü</decGenTransReplace></decGenTrans></decGenRule><decGenRule><decGenRuleComb>,4,3,</decGenRuleComb><decGenRuleName>neutral ending rule1</decGenRuleName><decGenRuleRegex>.*e(sh|qh)</decGenRuleRegex><decGenRuleTypeId>3</decGenRuleTypeId><decGenTrans><decGenTransRegex>e(sh|qh)</decGenTransRegex><decGenTransReplace>éün</decGenTransReplace></decGenTrans></decGenRule><decGenRule><decGenRuleComb>,4,3,</decGenRuleComb><decGenRuleName>neutral ending rule2</decGenRuleName><decGenRuleRegex>.*[aàáo](sh|qh)</decGenRuleRegex><decGenRuleTypeId>3</decGenRuleTypeId><decGenTrans><decGenTransRegex>.(sh|qh)</decGenTransRegex><decGenTransReplace>ün</decGenTransReplace></decGenTrans></decGenRule><decGenRule><decGenRuleComb>,5,2,</decGenRuleComb><decGenRuleName>1 syl vowel rule1</decGenRuleName><decGenRuleRegex>(\b[^aàáeéiïouü]+[àáo]+\b)</decGenRuleRegex><decGenRuleTypeId>3</decGenRuleTypeId><decGenTrans><decGenTransRegex>$</decGenTransRegex><decGenTransReplace>vi</decGenTransReplace></decGenTrans></decGenRule><decGenRule><decGenRuleComb>,5,2,</decGenRuleComb><decGenRuleName>1 syl vowel rule2</decGenRuleName><decGenRuleRegex>(\b[^aàáeéiïouü]+a+\b)</decGenRuleRegex><decGenRuleTypeId>3</decGenRuleTypeId><decGenTrans><decGenTransRegex>.$</decGenTransRegex><decGenTransReplace>àvi</decGenTransReplace></decGenTrans></decGenRule><decGenRule><decGenRuleComb>,5,2,</decGenRuleComb><decGenRuleName>feminine ending rule1</decGenRuleName><decGenRuleRegex>.*[^v]a</decGenRuleRegex><decGenRuleTypeId>3</decGenRuleTypeId><decGenTrans><decGenTransRegex>.$</decGenTransRegex><decGenTransReplace>àvi</decGenTransReplace></decGenTrans></decGenRule><decGenRule><decGenRuleComb>,5,2,</decGenRuleComb><decGenRuleName>feminine ending rule2</decGenRuleName><decGenRuleRegex>.*[^v][àáeéiïo]</decGenRuleRegex><decGenRuleTypeId>3</decGenRuleTypeId><decGenTrans><decGenTransRegex>$</decGenTransRegex><decGenTransReplace>vi</decGenTransReplace></decGenTrans></decGenRule><decGenRule><decGenRuleComb>,5,2,</decGenRuleComb><decGenRuleName>1 syl cons rule</decGenRuleName><decGenRuleRegex>(\b[^aàáeéiïouü]+[aàáo][^aàáeéiïouü]+\b)|(\b[aàáo][^aàáeéiïouü]+\b)</decGenRuleRegex><decGenRuleTypeId>3</decGenRuleTypeId><decGenTrans><decGenTransRegex>$</decGenTransRegex><decGenTransReplace>eva</decGenTransReplace></decGenTrans></decGenRule><decGenRule><decGenRuleComb>,5,2,</decGenRuleComb><decGenRuleName>masculine ending rule1</decGenRuleName><decGenRuleRegex>.*a[^àáeéiïouü(sh|qh)]</decGenRuleRegex><decGenRuleTypeId>3</decGenRuleTypeId><decGenTrans><decGenTransRegex>.$</decGenTransRegex><decGenTransReplace>àva</decGenTransReplace></decGenTrans></decGenRule><decGenRule><decGenRuleComb>,5,2,</decGenRuleComb><decGenRuleName>masculine ending rule2</decGenRuleName><decGenRuleRegex>.*[^aàáeéiïouü(sh|qh)]</decGenRuleRegex><decGenRuleTypeId>3</decGenRuleTypeId><decGenTrans><decGenTransRegex>.$</decGenTransRegex><decGenTransReplace>va</decGenTransReplace></decGenTrans></decGenRule><decGenRule><decGenRuleComb>,5,2,</decGenRuleComb><decGenRuleName>neutral ending rule1</decGenRuleName><decGenRuleRegex>.*a(sh|qh)</decGenRuleRegex><decGenRuleTypeId>3</decGenRuleTypeId><decGenTrans><decGenTransRegex>a(sh|qh)</decGenTransRegex><decGenTransReplace>àva</decGenTransReplace></decGenTrans></decGenRule><decGenRule><decGenRuleComb>,5,2,</decGenRuleComb><decGenRuleName>neutral ending rule2</decGenRuleName><decGenRuleRegex>.*(sh|qh)</decGenRuleRegex><decGenRuleTypeId>3</decGenRuleTypeId><decGenTrans><decGenTransRegex>(sh|qh)</decGenTransRegex><decGenTransReplace>va</decGenTransReplace></decGenTrans></decGenRule><decGenRule><decGenRuleComb>,5,3,</decGenRuleComb><decGenRuleName>1 syl vowel rule1</decGenRuleName><decGenRuleRegex>(\b[^aàáeéiïouü]+[àáo]+\b)</decGenRuleRegex><decGenRuleTypeId>3</decGenRuleTypeId><decGenTrans><decGenTransRegex>$</decGenTransRegex><decGenTransReplace>vi</decGenTransReplace></decGenTrans></decGenRule><decGenRule><decGenRuleComb>,5,3,</decGenRuleComb><decGenRuleName>1 syl vowel rule2</decGenRuleName><decGenRuleRegex>(\b[^aàáeéiïouü]+a+\b)</decGenRuleRegex><decGenRuleTypeId>3</decGenRuleTypeId><decGenTrans><decGenTransRegex>.$</decGenTransRegex><decGenTransReplace>àvi</decGenTransReplace></decGenTrans></decGenRule><decGenRule><decGenRuleComb>,5,3,</decGenRuleComb><decGenRuleName>feminine ending rule1</decGenRuleName><decGenRuleRegex>.*[^v]a</decGenRuleRegex><decGenRuleTypeId>3</decGenRuleTypeId><decGenTrans><decGenTransRegex>.$</decGenTransRegex><decGenTransReplace>àvi</decGenTransReplace></decGenTrans></decGenRule><decGenRule><decGenRuleComb>,5,3,</decGenRuleComb><decGenRuleName>feminine ending rule2</decGenRuleName><decGenRuleRegex>.*[^v][àáeéiïo]</decGenRuleRegex><decGenRuleTypeId>3</decGenRuleTypeId><decGenTrans><decGenTransRegex>$</decGenTransRegex><decGenTransReplace>vi</decGenTransReplace></decGenTrans></decGenRule><decGenRule><decGenRuleComb>,5,3,</decGenRuleComb><decGenRuleName>1 syl cons rule</decGenRuleName><decGenRuleRegex>(\b[^aàáeéiïouü]+[aàáo][^aàáeéiïouü]+\b)|(\b[aàáo][^aàáeéiïouü]+\b)</decGenRuleRegex><decGenRuleTypeId>3</decGenRuleTypeId><decGenTrans><decGenTransRegex>$</decGenTransRegex><decGenTransReplace>eva</decGenTransReplace></decGenTrans></decGenRule><decGenRule><decGenRuleComb>,5,3,</decGenRuleComb><decGenRuleName>masculine ending rule1</decGenRuleName><decGenRuleRegex>.*a[^àáeéiïouü(sh|qh)]</decGenRuleRegex><decGenRuleTypeId>3</decGenRuleTypeId><decGenTrans><decGenTransRegex>.$</decGenTransRegex><decGenTransReplace>àva</decGenTransReplace></decGenTrans></decGenRule><decGenRule><decGenRuleComb>,5,3,</decGenRuleComb><decGenRuleName>masculine ending rule2</decGenRuleName><decGenRuleRegex>.*[^aàáeéiïouü(sh|qh)]</decGenRuleRegex><decGenRuleTypeId>3</decGenRuleTypeId><decGenTrans><decGenTransRegex>.$</decGenTransRegex><decGenTransReplace>va</decGenTransReplace></decGenTrans></decGenRule><decGenRule><decGenRuleComb>,5,3,</decGenRuleComb><decGenRuleName>neutral ending rule1</decGenRuleName><decGenRuleRegex>.*a(sh|qh)</decGenRuleRegex><decGenRuleTypeId>3</decGenRuleTypeId><decGenTrans><decGenTransRegex>a(sh|qh)</decGenTransRegex><decGenTransReplace>àva</decGenTransReplace></decGenTrans></decGenRule><decGenRule><decGenRuleComb>,5,3,</decGenRuleComb><decGenRuleName>neutral ending rule2</decGenRuleName><decGenRuleRegex>.*(sh|qh)</decGenRuleRegex><decGenRuleTypeId>3</decGenRuleTypeId><decGenTrans><decGenTransRegex>(sh|qh)</decGenTransRegex><decGenTransReplace>va</decGenTransReplace></decGenTrans></decGenRule><decGenRule><decGenRuleComb>,5,3,</decGenRuleComb><decGenRuleName>feminine plural ending</decGenRuleName><decGenRuleRegex>.*i</decGenRuleRegex><decGenRuleTypeId>3</decGenRuleTypeId><decGenTrans><decGenTransRegex>$</decGenTransRegex><decGenTransReplace>đ</decGenTransReplace></decGenTrans></decGenRule><decGenRule><decGenRuleComb>,5,3,</decGenRuleComb><decGenRuleName>masculine plural ending</decGenRuleName><decGenRuleRegex>.*a</decGenRuleRegex><decGenRuleTypeId>3</decGenRuleTypeId><decGenTrans><decGenTransRegex>$</decGenTransRegex><decGenTransReplace>đ</decGenTransReplace></decGenTrans></decGenRule><decGenRule><decGenRuleComb>,4,2,</decGenRuleComb><decGenRuleName>neutral ending rule3</decGenRuleName><decGenRuleRegex>.*(sh|qh)</decGenRuleRegex><decGenRuleTypeId>3</decGenRuleTypeId><decGenTrans><decGenTransRegex>(sh|qh)</decGenTransRegex><decGenTransReplace>ün</decGenTransReplace></decGenTrans></decGenRule><decGenRule><decGenRuleComb>,4,3,</decGenRuleComb><decGenRuleName>neutral ending rule3</decGenRuleName><decGenRuleRegex>.*(sh|qh)</decGenRuleRegex><decGenRuleTypeId>3</decGenRuleTypeId><decGenTrans><decGenTransRegex>(sh|qh)</decGenTransRegex><decGenTransReplace>ün</decGenTransReplace></decGenTrans></decGenRule><decGenRule><decGenRuleComb>,4,3,</decGenRuleComb><decGenRuleName>masculine plural ending</decGenRuleName><decGenRuleRegex>.*ün</decGenRuleRegex><decGenRuleTypeId>3</decGenRuleTypeId><decGenTrans><decGenTransRegex>$</decGenTransRegex><decGenTransReplace>eđ</decGenTransReplace></decGenTrans></decGenRule><decGenRule><decGenRuleComb>,4,3,</decGenRuleComb><decGenRuleName>feminine plural ending</decGenRuleName><decGenRuleRegex>.*ü</decGenRuleRegex><decGenRuleTypeId>3</decGenRuleTypeId><decGenTrans><decGenTransRegex>$</decGenTransRegex><decGenTransReplace>đ</decGenTransReplace></decGenTrans></decGenRule><decGenRule><decGenRuleComb>,6,2,</decGenRuleComb><decGenRuleName>masculine ending rule1</decGenRuleName><decGenRuleRegex>.*r</decGenRuleRegex><decGenRuleTypeId>3</decGenRuleTypeId><decGenTrans><decGenTransRegex>.$</decGenTransRegex><decGenTransReplace>ř</decGenTransReplace></decGenTrans></decGenRule><decGenRule><decGenRuleComb>,6,2,</decGenRuleComb><decGenRuleName>masculine ending rule2</decGenRuleName><decGenRuleRegex>.*[^aàáeéiïouü(sh|qh)]</decGenRuleRegex><decGenRuleTypeId>3</decGenRuleTypeId><decGenTrans><decGenTransRegex>$</decGenTransRegex><decGenTransReplace>ev</decGenTransReplace></decGenTrans></decGenRule><decGenRule><decGenRuleComb>,6,2,</decGenRuleComb><decGenRuleName>feminine ending rule1</decGenRuleName><decGenRuleRegex>.*r[aàáeéiïo]</decGenRuleRegex><decGenRuleTypeId>3</decGenRuleTypeId><decGenTrans><decGenTransRegex>..$</decGenTransRegex><decGenTransReplace>řiv</decGenTransReplace></decGenTrans></decGenRule><decGenRule><decGenRuleComb>,6,2,</decGenRuleComb><decGenRuleName>feminine ending rule2</decGenRuleName><decGenRuleRegex>.*[aàáeéiïo]</decGenRuleRegex><decGenRuleTypeId>3</decGenRuleTypeId><decGenTrans><decGenTransRegex>$</decGenTransRegex><decGenTransReplace>řiv</decGenTransReplace></decGenTrans></decGenRule><decGenRule><decGenRuleComb>,6,2,</decGenRuleComb><decGenRuleName>neutral ending</decGenRuleName><decGenRuleRegex>.*(sh|qh)</decGenRuleRegex><decGenRuleTypeId>3</decGenRuleTypeId><decGenTrans><decGenTransRegex>$</decGenTransRegex><decGenTransReplace>iv</decGenTransReplace></decGenTrans></decGenRule><decGenRule><decGenRuleComb>,2,2,2,</decGenRuleComb><decGenRuleName>gender rule 1a</decGenRuleName><decGenRuleRegex>.*e</decGenRuleRegex><decGenRuleTypeId>4</decGenRuleTypeId><decGenTrans><decGenTransRegex>$</decGenTransRegex><decGenTransReplace>d</decGenTransReplace></decGenTrans></decGenRule><decGenRule><decGenRuleComb>,2,2,2,</decGenRuleComb><decGenRuleName>gender rule 1b</decGenRuleName><decGenRuleRegex>.*é</decGenRuleRegex><decGenRuleTypeId>4</decGenRuleTypeId><decGenTrans><decGenTransRegex>$</decGenTransRegex><decGenTransReplace>t</decGenTransReplace></decGenTrans></decGenRule><decGenRule><decGenRuleComb>,2,2,2,</decGenRuleComb><decGenRuleName>gender rule 2a</decGenRuleName><decGenRuleRegex>.*[aà]</decGenRuleRegex><decGenRuleTypeId>4</decGenRuleTypeId><decGenTrans><decGenTransRegex>$</decGenTransRegex><decGenTransReplace>n</decGenTransReplace></decGenTrans></decGenRule><decGenRule><decGenRuleComb>,2,2,2,</decGenRuleComb><decGenRuleName>gender rule 2b</decGenRuleName><decGenRuleRegex>.*á</decGenRuleRegex><decGenRuleTypeId>4</decGenRuleTypeId><decGenTrans><decGenTransRegex>$</decGenTransRegex><decGenTransReplace>l</decGenTransReplace></decGenTrans></decGenRule><decGenRule><decGenRuleComb>,2,2,2,</decGenRuleComb><decGenRuleName>gender rule 4</decGenRuleName><decGenRuleRegex>.*i</decGenRuleRegex><decGenRuleTypeId>4</decGenRuleTypeId><decGenTrans><decGenTransRegex>$</decGenTransRegex><decGenTransReplace>r</decGenTransReplace></decGenTrans></decGenRule><decGenRule><decGenRuleComb>,2,2,2,</decGenRuleComb><decGenRuleName>gender rule 5</decGenRuleName><decGenRuleRegex>.*o</decGenRuleRegex><decGenRuleTypeId>4</decGenRuleTypeId><decGenTrans><decGenTransRegex>$</decGenTransRegex><decGenTransReplace>s</decGenTransReplace></decGenTrans></decGenRule><decGenRule><decGenRuleComb>,2,2,2,</decGenRuleComb><decGenRuleName>nominative ending</decGenRuleName><decGenRuleRegex>$[^aàáeéiïouü]</decGenRuleRegex><decGenRuleTypeId>4</decGenRuleTypeId><decGenTrans><decGenTransRegex>$</decGenTransRegex><decGenTransReplace/></decGenTrans></decGenRule><decCombinedFormSection/><proGuide><proGuideBase>p</proGuideBase><proGuidePhon>p</proGuidePhon></proGuide><proGuide><proGuideBase>b</proGuideBase><proGuidePhon>b</proGuidePhon></proGuide><proGuide><proGuideBase>t</proGuideBase><proGuidePhon>t</proGuidePhon></proGuide><proGuide><proGuideBase>d</proGuideBase><proGuidePhon>d</proGuidePhon></proGuide><proGuide><proGuideBase>đ</proGuideBase><proGuidePhon>θ</proGuidePhon></proGuide><proGuide><proGuideBase>q</proGuideBase><proGuidePhon>k</proGuidePhon></proGuide><proGuide><proGuideBase>g</proGuideBase><proGuidePhon>g</proGuidePhon></proGuide><proGuide><proGuideBase>č</proGuideBase><proGuidePhon>x</proGuidePhon></proGuide><proGuide><proGuideBase>m</proGuideBase><proGuidePhon>m</proGuidePhon></proGuide><proGuide><proGuideBase>n</proGuideBase><proGuidePhon>n</proGuidePhon></proGuide><proGuide><proGuideBase>ř</proGuideBase><proGuidePhon>ɾ</proGuidePhon></proGuide><proGuide><proGuideBase>r</proGuideBase><proGuidePhon>ɹ</proGuidePhon></proGuide><proGuide><proGuideBase>f</proGuideBase><proGuidePhon>f</proGuidePhon></proGuide><proGuide><proGuideBase>v</proGuideBase><proGuidePhon>v</proGuidePhon></proGuide><proGuide><proGuideBase>s</proGuideBase><proGuidePhon>s</proGuidePhon></proGuide><proGuide><proGuideBase>z</proGuideBase><proGuidePhon>z</proGuidePhon></proGuide><proGuide><proGuideBase>y</proGuideBase><proGuidePhon>j</proGuidePhon></proGuide><proGuide><proGuideBase>j</proGuideBase><proGuidePhon>dʒ</proGuidePhon></proGuide><proGuide><proGuideBase>l</proGuideBase><proGuidePhon>l</proGuidePhon></proGuide><proGuide><proGuideBase>h</proGuideBase><proGuidePhon>h</proGuidePhon></proGuide><proGuide><proGuideBase>w</proGuideBase><proGuidePhon>w</proGuidePhon></proGuide><proGuide><proGuideBase>a</proGuideBase><proGuidePhon>ʌ</proGuidePhon></proGuide><proGuide><proGuideBase>e</proGuideBase><proGuidePhon>ɛ</proGuidePhon></proGuide><proGuide><proGuideBase>i</proGuideBase><proGuidePhon>i</proGuidePhon></proGuide><proGuide><proGuideBase>o</proGuideBase><proGuidePhon>o</proGuidePhon></proGuide><proGuide><proGuideBase>u</proGuideBase><proGuidePhon>ʊ</proGuidePhon></proGuide><proGuide><proGuideBase>ï</proGuideBase><proGuidePhon>ɪ</proGuidePhon></proGuide><proGuide><proGuideBase>sh</proGuideBase><proGuidePhon>ʃ</proGuidePhon></proGuide><proGuide><proGuideBase>qh</proGuideBase><proGuidePhon>tʃ</proGuidePhon></proGuide><proGuide><proGuideBase>qw</proGuideBase><proGuidePhon>kw</proGuidePhon></proGuide><proGuide><proGuideBase>à</proGuideBase><proGuidePhon>ɑ</proGuidePhon></proGuide><proGuide><proGuideBase>á</proGuideBase><proGuidePhon>æ</proGuidePhon></proGuide><proGuide><proGuideBase>é</proGuideBase><proGuidePhon>e</proGuidePhon></proGuide><proGuide><proGuideBase>ü</proGuideBase><proGuidePhon>u</proGuidePhon></proGuide><proGuide><proGuideBase>ew, ïü</proGuideBase><proGuidePhon>yiu</proGuidePhon></proGuide><proGuide><proGuideBase>oi</proGuideBase><proGuidePhon>ɔɪ</proGuidePhon></proGuide><proGuide><proGuideBase>ar</proGuideBase><proGuidePhon>ɑɹ</proGuidePhon></proGuide><proGuide><proGuideBase>io</proGuideBase><proGuidePhon>io</proGuidePhon></proGuide><proGuide><proGuideBase>ie</proGuideBase><proGuidePhon>iɛ</proGuidePhon></proGuide><proGuide><proGuideBase>ow, ao</proGuideBase><proGuidePhon>aw</proGuidePhon></proGuide><proGuide><proGuideBase>or</proGuideBase><proGuidePhon>ɔɹ</proGuidePhon></proGuide><proGuide><proGuideBase>er</proGuideBase><proGuidePhon>ɪɹ</proGuidePhon></proGuide><proGuide><proGuideBase>ir</proGuideBase><proGuidePhon>iɹ</proGuidePhon></proGuide><proGuide><proGuideBase>ia</proGuideBase><proGuidePhon>iʌ</proGuidePhon></proGuide><proGuide><proGuideBase>ai</proGuideBase><proGuidePhon>aɪ</proGuidePhon></proGuide><proGuide><proGuideBase>ei</proGuideBase><proGuidePhon>e</proGuidePhon></proGuide><proGuide><proGuideBase>eï</proGuideBase><proGuidePhon>ɛ</proGuidePhon></proGuide><proGuide><proGuideBase>oa</proGuideBase><proGuidePhon>oʌ</proGuidePhon></proGuide><proGuide><proGuideBase>üà</proGuideBase><proGuidePhon>uʌ</proGuidePhon></proGuide><proGuide><proGuideBase>éa</proGuideBase><proGuidePhon>eʌ</proGuidePhon></proGuide><proGuide><proGuideBase>ïà</proGuideBase><proGuidePhon>ɪyʌ</proGuidePhon></proGuide><thesNode><thesName/><thesNotes/></thesNode></dictionary>